"","model","AIC","Delta_AIC","AIC_corr","Delta_AIC_corr","p_value_UT","p_value_S","p_value_joint"
"1","no_SIM_wo_fitm",632.11910887472,5.12756205312007,632.186905484889,4.98846211156501,0.9258,0.2052,0.6458
"2","no_SIM_fitm",634.032561951095,7.04101512949501,634.23945850282,7.04101512949592,0.9002,0.1652,0.571
"3","no_SIM_fitm_unconstr",630.468557233647,3.47701041204698,630.889609865226,3.69116649190198,0.4051,0.5576,0.4896
"4","hom_wo_fitm",626.9915468216,0,627.198443373324,0,0.8128,0.5847,0.7905
"5","hom_fitm",627.929144252577,0.937597430977007,628.350196884156,1.15175351083201,0.6489,0.3651,0.53
"6","hom_fitm_unconstr",629.813854472617,2.82230765101701,630.528140186902,3.32969681357793,0.5637,0.4439,0.5215
"7","het_zero_div",633.996501154048,7.00495433244805,634.203397705773,7.00495433244896,0.9246,0.1908,0.6285
"8","het_div",630.85445683192,3.86291001031998,631.568742546205,4.370299172881,0.8148,0.5175,0.7551
