"","model","AIC","Delta_AIC","AIC_corr","Delta_AIC_corr","p_value_UT","p_value_S","p_value_joint"
"1","N0",108.077088006889,19.6949424089571,108.477088006889,17.0949424089571,0.9478,0.00119999999999998,0.0194
"2","N1",100.470549017173,12.0884034192411,101.803882350506,10.4217367525741,0.9997,0.2952,0.8188
"3","N2",88.3821455979319,0,91.3821455979319,0,0.7798,0.5313,0.6657
"4","HOM0",141.513620883825,53.1314752858931,142.846954217158,51.4648086192261,0,0,0
"5","HOM1",92.889531092851,4.50738549491911,95.889531092851,4.50738549491911,0.8986,0.3859,0.7126
"6","HOM2",89.9599789847626,1.5778333868307,95.6742646990483,4.2921191011164,0.8538,0.6165,0.7418
"7","HET0",104.178643314459,15.7964977165271,105.511976647792,14.1298310498601,0.9892,0.00160000000000005,0.0279
"8","HET2",92.9902928481391,4.60814725020721,98.7045785624249,7.322432964493,0.8977,0.6101,0.8268
