"","model","AIC","Delta_AIC","AIC_corr","Delta_AIC_corr","p_value_UT","p_value_S","p_value_joint"
"1","N0",225.652258100228,167.194467024296,226.652258100228,164.194467024296,0,0,0
"2","N1",88.2808525179328,29.823061442001,92.2808525179328,29.823061442001,0.9793,0.002,0.0258
"3","N2",Inf,Inf,Inf,Inf,0,0,0
"4","HOM0",218.540148099209,160.082357023277,222.540148099209,160.082357023277,0,0,0
"5","HOM1",61.137601858928,2.6798107829962,73.137601858928,10.6798107829962,0.2601,0.5808,0.4421
"6","HOM2",62.3621404594607,3.9043493835289,102.362140459461,39.9043493835292,0.5094,0.1947,0.3873
"7","HET0",58.4577910759318,0,62.4577910759318,0,0.4817,0.1952,0.3633
"8","HET2",74.0514045334136,15.5936134574818,114.051404533414,51.5936134574822,0.476,0.8989,0.8781
