"","model","AIC","Delta_AIC","AIC_corr","Delta_AIC_corr","p_value_UT","p_value_S","p_value_joint"
"1","no_SIM_wo_fitm",564.854292278623,129.475451194337,564.941248800362,128.632175157936,0.2394,0,0
"2","no_SIM_fitm",516.323281579559,80.9444404952729,516.589948246226,80.2808746038,0.9929,0.000700000000000034,0.2351
"3","no_SIM_fitm_unconstr",498.988899121588,63.610058037302,499.534353667043,63.225280024617,0.1354,0.0316,0.0193
"4","hom_wo_fitm",445.744371109048,10.365530024762,446.011037775714,9.70196413328802,0.1138,0.9838,0.5791
"5","hom_fitm",442.753072223127,7.37423113884097,443.298526768581,6.98945312615501,0.0106000000000001,0.9428,0.1222
"6","hom_fitm_unconstr",435.378841084286,0,436.309073642426,0,0.4802,0.5509,0.5299
"7","het_zero_div",450.223619048263,14.844777963977,450.49028571493,14.181212072504,0.2086,0.00609999999999999,0.0131
"8","het_div",437.575071615888,2.196230531602,438.505304174027,2.19623053160103,0.1101,0.5856,0.1983
