"","model","AIC","Delta_AIC","AIC_corr","Delta_AIC_corr","p_value_UT","p_value_S","p_value_joint"
"1","no_SIM_wo_fitm",52.0013530588948,4.5233012689593,53.3346863922281,0,0.4762,0.278,0.4074
"2","no_SIM_fitm",53.9329132070974,6.4548614171619,59.9329132070974,6.5982268148693,0.5356,0.3147,0.4758
"3","no_SIM_fitm_unconstr",54.9007086613735,7.422656871438,78.9007086613735,25.5660222691454,0.3253,0.5906,0.4921
"4","hom_wo_fitm",50.5551905094176,3.0771387194821,56.5551905094176,3.2205041171895,0.4006,0.91,0.677
"5","hom_fitm",51.9007928481336,4.4227410581981,75.9007928481336,22.5661064559055,0.1926,0.944,0.4164
"6","hom_fitm_unconstr",48.8438203918298,1.3657686018943,Inf,Inf,0.4656,0.8342,0.6017
"7","het_zero_div",47.4780517899355,0,53.4780517899355,0.143365397707399,0.3375,0.9506,0.616
"8","het_div",Inf,Inf,Inf,Inf,0,0,0
