"","model","AIC","Delta_AIC","AIC_corr","Delta_AIC_corr","p_value_UT","p_value_S","p_value_joint"
"1","N0",4418.30816296302,373.717076335759,4418.31660178158,373.70014517546,0.9758,0,0
"2","N1",4414.72758425994,370.13649763268,4414.7529542388,370.13649763268,1,0,0
"3","N2",4317.75737424823,273.16628762097,4317.80822170586,273.19176509974,0.00429999999999997,0,0
"4","HOM0",4044.59108662726,0,4044.61645660612,0,0.4053,0.8128,0.6824
"5","HOM1",4046.5373754015,1.94628877423975,4046.58822285913,1.97176625300972,0.349,0.7676,0.599
"6","HOM2",4048.13084505937,3.53975843210992,4048.21577074939,3.59931414326957,0.5042,0.6376,0.6047
"7","HET0",4233.28635651547,188.69526988821,4233.31172649433,188.69526988821,0.8952,0,0
"8","HET2",4048.20086691618,3.60978028891986,4048.2857926062,3.66933600007997,0.4138,0.6339,0.5365
