"","model","AIC","Delta_AIC","AIC_corr","Delta_AIC_corr","p_value_UT","p_value_S","p_value_joint"
"1","no_SIM_wo_fitm",47.2033707319501,0,48.5367040652835,0,0.4308,0.5616,0.563
"2","no_SIM_fitm",49.1559263186254,1.9525555866753,55.1559263186254,6.6192222533419,0.3759,0.5219,0.4928
"3","no_SIM_fitm_unconstr",51.1490403243781,3.945669592428,75.1490403243781,26.6123362590946,0.3913,0.4994,0.4912
"4","hom_wo_fitm",49.0527571261613,1.8493863942112,55.0527571261613,6.5160530608778,0.4046,0.6357,0.579
"5","hom_fitm",50.9980133793754,3.7946426474253,74.9980133793754,26.4613093140919,0.341,0.6011,0.4999
"6","hom_fitm_unconstr",52.5320474348225,5.3286767028724,Inf,Inf,0.4583,0.3942,0.4951
"7","het_zero_div",48.7855690392984,1.5821983073483,54.7855690392984,6.2488649740149,0.3926,0.5567,0.5304
"8","het_div",52.7234211527801,5.52005042083,Inf,Inf,0.4361,0.6156,0.596
