"","model","AIC","Delta_AIC","AIC_corr","Delta_AIC_corr","p_value_UT","p_value_S","p_value_joint"
"1","no_SIM_wo_fitm",354.582956984808,61.274049364606,354.669913506547,61.094339219678,0.9081,0,0
"2","no_SIM_fitm",354.44526764185,61.136360021648,354.711934308517,61.136360021648,0.5251,0,0
"3","no_SIM_fitm_unconstr",337.97707688538,44.668169265178,338.522531430834,44.946957143965,0.0358000000000001,0.000199999999999978,0
"4","hom_wo_fitm",293.308907620202,0,293.575574286869,0,0.8034,0.6491,0.8217
"5","hom_fitm",293.73616996696,0.427262346758027,294.281624512415,0.706050225545994,0.4411,0.5185,0.4981
"6","hom_fitm_unconstr",295.702189607814,2.393281987612,296.632422165954,3.05684787908496,0.4719,0.4549,0.4751
"7","het_zero_div",300.952799562464,7.64389194226203,301.21946622913,7.64389194226095,0.8221,0.00829999999999997,0.1775
"8","het_div",296.745246352363,3.436338732161,297.675478910502,4.09990462363299,0.8038,0.4445,0.7183
