"","model","AIC","Delta_AIC","AIC_corr","Delta_AIC_corr","p_value_UT","p_value_S","p_value_joint"
"1","N0",258.134673862887,0,258.259673862887,0,0.629,0.1164,0.3336
"2","N1",260.133635627168,1.99896176428103,260.520732401362,2.26105853847503,0.637,0.1238,0.3523
"3","N2",261.688754457862,3.554080594975,262.488754457862,4.22908059497502,0.4964,0.234,0.3516
"4","HOM0",260.056008133877,1.92133427099003,260.44310490807,2.183431045183,0.6581,0.1044,0.3283
"5","HOM1",262.055112212372,3.92043834948504,262.855112212372,4.59543834948499,0.6603,0.1035,0.3361
"6","HOM2",262.040053609306,3.90537974641904,263.419363954134,5.159690091247,0.3618,0.4206,0.3765
"7","HET0",260.134673877043,2.000000014156,260.521770651237,2.26209678834999,0.6384,0.1132,0.3323
"8","HET2",262.756941538549,4.62226767566199,264.136251883377,5.87657802049,0.6505,0.418,0.5926
