"","model","AIC","Delta_AIC","AIC_corr","Delta_AIC_corr","p_value_UT","p_value_S","p_value_joint"
"1","no_SIM_wo_fitm",238.899424585772,0,239.020636706985,0,0.5209,0.91,0.7952
"2","no_SIM_fitm",239.303821847919,0.404397262147,239.678821847919,0.658185140934023,0.2057,0.7548,0.3854
"3","no_SIM_fitm_unconstr",239.857710658155,0.958286072383004,240.631904206542,1.61126749955702,0.3855,0.4278,0.3964
"4","hom_wo_fitm",239.934789724488,1.035365138716,240.309789724488,1.28915301750303,0.6443,0.8189,0.8127
"5","hom_fitm",240.04271395921,1.14328937343799,240.816907507597,1.79627080061201,0.2548,0.6135,0.378
"6","hom_fitm_unconstr",241.777310949752,2.87788636398,243.110644283086,4.09000757610102,0.349,0.4688,0.3894
"7","het_zero_div",240.899424611098,2.00000002532599,241.274424611098,2.25378790411301,0.5236,0.909,0.795
"8","het_div",242.681764419545,3.78233983377299,244.015097752878,4.99446104589302,0.6429,0.6145,0.703
