"","model","AIC","Delta_AIC","AIC_corr","Delta_AIC_corr","p_value_UT","p_value_S","p_value_joint"
"1","no_SIM_wo_fitm",652.460503634956,209.816006382825,652.547460156695,208.972730346424,0.2829,0,0
"2","no_SIM_fitm",571.890912051028,129.246414798897,572.157578717694,128.582848907423,0.9814,0,0
"3","no_SIM_fitm_unconstr",537.602089204661,94.95759195253,538.147543750115,94.572813939844,0.1641,0,9.9999999999989e-05
"4","hom_wo_fitm",456.220862875539,13.576365623408,456.487529542206,12.912799731935,0.1117,0.9477,0.4907
"5","hom_fitm",451.129390308201,8.48489305607001,451.674844853656,8.10011504338502,0.00629999999999997,0.9266,0.0786
"6","hom_fitm_unconstr",442.644497252131,0,443.574729810271,0,0.4887,0.5358,0.5291
"7","het_zero_div",469.592201338262,26.947704086131,469.858868004928,26.284138194657,0.2252,0,0.000399999999999956
"8","het_div",444.700595925037,2.05609867290605,445.630828483176,2.05609867290502,0.1129,0.5421,0.1839
