"","model","AIC","Delta_AIC","AIC_corr","Delta_AIC_corr","p_value_UT","p_value_S","p_value_joint"
"1","no_SIM_wo_fitm",225.864479618998,22.99823051209,225.98569174021,22.744442633302,0.7194,0,0.00219999999999998
"2","no_SIM_fitm",227.359810614133,24.493561507225,227.734810614133,24.493561507225,0.499,0,0.000299999999999967
"3","no_SIM_fitm_unconstr",223.454891247492,20.588642140584,224.229084795879,20.987835688971,0.1987,0.000299999999999967,0.000299999999999967
"4","hom_wo_fitm",202.866249106908,0,203.241249106908,0,0.6389,0.3406,0.5363
"5","hom_fitm",204.541242900453,1.67499379354501,205.31543644884,2.074187341932,0.4582,0.3091,0.3764
"6","hom_fitm_unconstr",205.741275315861,2.87502620895302,207.074608649194,3.83335954228602,0.3532,0.4797,0.4134
"7","het_zero_div",218.229754470518,15.36350536361,218.604754470518,15.36350536361,0.6689,0.00309999999999999,0.1897
"8","het_div",206.463114228297,3.59686512138902,207.79644756163,4.55519845472202,0.6453,0.4772,0.6174
