"","model","AIC","Delta_AIC","AIC_corr","Delta_AIC_corr","p_value_UT","p_value_S","p_value_joint"
"1","no_SIM_wo_fitm",245.095277775967,0.586460822123996,245.216489897179,0.332672943336007,0.4333,0.7273,0.6092
"2","no_SIM_fitm",246.694717594018,2.18590064017499,247.069717594018,2.18590064017499,0.2798,0.5819,0.3884
"3","no_SIM_fitm_unconstr",247.388807169136,2.87999021529299,248.163000717523,3.27918376368001,0.483,0.2838,0.393
"4","hom_wo_fitm",244.508816953843,0,244.883816953843,0,0.642,0.5507,0.6684
"5","hom_fitm",245.847671370624,1.338854416781,246.621864919011,1.73804796516799,0.4097,0.3879,0.3962
"6","hom_fitm_unconstr",247.74979501609,3.240978062247,249.083128349423,4.19931139558,0.3488,0.4689,0.3943
"7","het_zero_div",247.097064397531,2.588247443688,247.472064397531,2.588247443688,0.4434,0.7342,0.6244
"8","het_div",248.46771044381,3.95889348996701,249.801043777143,4.91722682330001,0.641,0.4795,0.6344
