"","model","AIC","Delta_AIC","AIC_corr","Delta_AIC_corr","p_value_UT","p_value_S","p_value_joint"
"1","no_SIM_wo_fitm",370.088012946963,67.407367816553,370.174969468702,67.227657671626,0.9215,0,0
"2","no_SIM_fitm",369.295214413851,66.614569283441,369.561881080517,66.614569283441,0.4784,0,0
"3","no_SIM_fitm_unconstr",349.241694427791,46.561049297381,349.787148973246,46.83983717617,0.0152,0.00990000000000002,0.000900000000000012
"4","hom_wo_fitm",306.987524445067,4.30687931465695,307.254191111734,4.30687931465798,0.8026,0.9479,0.962
"5","hom_fitm",304.434952834201,1.75430770379097,304.980407379656,2.03309558258002,0.1946,0.8549,0.5287
"6","hom_fitm_unconstr",303.122847228979,0.442202098568998,304.053079787119,1.10576799004298,0.4666,0.3807,0.4386
"7","het_zero_div",302.68064513041,0,302.947311797076,0,0.8051,0.2085,0.5743
"8","het_div",304.404376828823,1.72373169841296,305.334609386962,2.38729758988597,0.7944,0.477,0.759
