"","model","AIC","Delta_AIC","AIC_corr","Delta_AIC_corr","p_value_UT","p_value_S","p_value_joint"
"1","N0",227.383466259839,0.540144742232002,227.426019451328,0.453665675656993,0.6751,0.2566,0.4461
"2","N1",229.376218864034,2.53289734642701,229.505251122098,2.53289734642701,0.6903,0.2558,0.4645
"3","N2",230.095659796355,3.252338278748,230.356529361572,3.384175585901,0.8267,0.1501,0.533
"4","HOM0",226.843321517607,0,226.972353775671,0,0.3062,0.6321,0.4726
"5","HOM1",228.841107599509,1.99778608190201,229.101977164727,2.12962338905601,0.3069,0.6379,0.4754
"6","HOM2",229.188801785292,2.34548026768499,229.628362224852,2.656008449181,0.4817,0.4892,0.492
"7","HET0",227.027954668821,0.184633151214001,227.156986926885,0.184633151214001,0.465,0.315,0.3593
"8","HET2",232.146825005466,5.30350348785902,232.586385445027,5.614031669356,0.6204,0.2704,0.4234
