"","model","AIC","Delta_AIC","AIC_corr","Delta_AIC_corr","p_value_UT","p_value_S","p_value_joint"
"1","no_SIM_wo_fitm",2394.37403942314,292.68075989726,2394.38698440696,292.56298592683,0.0418,0,0
"2","no_SIM_fitm",2395.0273502768,293.33407075092,2395.06631131577,293.24231283564,0.2347,0,0
"3","no_SIM_fitm_unconstr",2340.97430132333,239.28102179745,2341.0524772191,239.22847873897,0.000399999999999956,0,0
"4","hom_wo_fitm",2119.66351333814,17.9702338122602,2119.7024743771,17.87847589697,0.00229999999999997,0.9868,0.31
"5","hom_fitm",2118.8552921765,17.16201265062,2118.93346807226,17.1094695921302,0.0723,0.9957,0.7937
"6","hom_fitm_unconstr",2101.69327952588,0,2101.82399848013,0,0.5567,0.5314,0.5721
"7","het_zero_div",2148.04750407043,46.3542245445501,2148.08646510939,46.26246662926,0.00539999999999996,0,0
"8","het_div",2114.19193169831,12.49865217243,2114.32265065256,12.49865217243,0.00260000000000005,0.5416,0.0184
