"","model","AIC","Delta_AIC","AIC_corr","Delta_AIC_corr","p_value_UT","p_value_S","p_value_joint"
"1","no_SIM_wo_fitm",249.603452440587,11.232031416133,249.646005632076,11.145552349557,0.9065,0.0349,0.3397
"2","no_SIM_fitm",251.60086834534,13.229447320886,251.729900603404,13.229447320885,0.9141,0.0386,0.3492
"3","no_SIM_fitm_unconstr",252.597037308703,14.225616284249,252.857906873921,14.357453591402,0.9585,0.0175,0.4389
"4","hom_wo_fitm",241.358902060683,2.98748103622898,241.487934318748,2.98748103622898,0.2923,0.6239,0.4565
"5","hom_fitm",243.358349113091,4.986928088637,243.619218678309,5.11876539579001,0.2974,0.6255,0.4547
"6","hom_fitm_unconstr",243.83902206505,5.46760104059598,244.27858250461,5.778129222091,0.4556,0.452,0.454
"7","het_zero_div",238.371421024454,0,238.500453282519,0,0.4122,0.1578,0.2195
"8","het_div",252.16278151451,13.791360490056,252.602341954071,14.101888671552,0.8855,0.0542,0.3801
