"","model","AIC","Delta_AIC","AIC_corr","Delta_AIC_corr","p_value_UT","p_value_S","p_value_joint"
"1","no_SIM_wo_fitm",1371.21759342688,188.16743625673,1371.24426009355,188.11356601065,0.9591,0,0
"2","no_SIM_fitm",1372.66024684057,189.61008967042,1372.74078375333,189.61008967043,0.9878,0,0
"3","no_SIM_fitm_unconstr",1336.19759939168,153.14744222153,1336.35976155385,153.22906747095,0.0316,0,0
"4","hom_wo_fitm",1183.05015717015,0,1183.1306940829,0,0.5877,0.3514,0.4486
"5","hom_fitm",1185.03903259488,1.98887542472994,1185.20119475704,2.07050067414002,0.5644,0.3221,0.4209
"6","hom_fitm_unconstr",1186.54823684469,3.49807967454012,1186.82034568822,3.68965160532002,0.4145,0.4916,0.442
"7","het_zero_div",1260.30302038039,77.2528632102401,1260.38355729315,77.2528632102501,0.8762,0,0
"8","het_div",1186.86329063902,3.81313346887009,1187.13539948256,4.00470539966,0.5765,0.4684,0.5389
