"","model","AIC","Delta_AIC","AIC_corr","Delta_AIC_corr","p_value_UT","p_value_S","p_value_joint"
"1","no_SIM_wo_fitm",191.990696490736,3.00580839351701,192.172514672554,1.98762657533501,0.4354,0.013,0.0381
"2","no_SIM_fitm",191.111342026871,2.126453929652,191.6827705983,1.49788250108102,0.839,0.0964,0.3497
"3","no_SIM_fitm_unconstr",188.984888097219,0,190.184888097219,0,0.4871,0.526,0.5384
"4","hom_wo_fitm",192.905060395019,3.92017229780001,193.476488966447,3.29160086922801,0.1135,0.0666,0.0356
"5","hom_fitm",189.538334228665,0.553446131446009,190.738334228665,0.553446131446009,0.6948,0.3351,0.5415
"6","hom_fitm_unconstr",190.897921372637,1.913033275418,193.003184530532,2.81829643331301,0.5259,0.4905,0.5466
"7","het_zero_div",193.659114285058,4.674226187839,194.230542856487,4.04565475926802,0.4326,0.0125,0.0351
"8","het_div",191.205131384932,2.220243287713,193.310394542827,3.12550644560801,0.3406,0.5005,0.417
