"","model","AIC","Delta_AIC","AIC_corr","Delta_AIC_corr","p_value_UT","p_value_S","p_value_joint"
"1","no_SIM_wo_fitm",641.518329067946,29.156637604767,641.586125678115,29.017537663211,0.9369,9.9999999999989e-05,0.00580000000000003
"2","no_SIM_fitm",642.894157414124,30.532465950945,643.101053965848,30.532465950944,0.9742,0,0.0169
"3","no_SIM_fitm_unconstr",623.364036312782,11.002344849603,623.785088944361,11.216500929457,0.2774,0.1882,0.1523
"4","hom_wo_fitm",612.361691463179,0,612.568588014904,0,0.8103,0.1442,0.4351
"5","hom_fitm",614.360841096442,1.99914963326296,614.781893728021,2.21330571311705,0.8143,0.1509,0.4415
"6","hom_fitm_unconstr",614.648390653141,2.28669918996195,615.362676367427,2.79408835252298,0.5668,0.3457,0.4477
"7","het_zero_div",631.367544713246,19.005853250067,631.574441264971,19.005853250067,0.9228,0,0.00829999999999997
"8","het_div",615.527117753387,3.16542629020796,616.241403467672,3.67281545276796,0.8148,0.3528,0.6346
