"","model","AIC","Delta_AIC","AIC_corr","Delta_AIC_corr","p_value_UT","p_value_S","p_value_joint"
"1","N0",159.958581721073,2.206772159195,160.001134912562,1.98845578546602,0.039,0.4971,0.1161
"2","N1",158.163504029977,0.411694468099,158.292536288041,0.279857160944999,0.1202,0.758,0.4098
"3","N2",160.150248887166,2.398439325288,160.411118452383,2.398439325287,0.1139,0.7636,0.4176
"4","HOM0",159.535149096906,1.78333953502801,159.664181354971,1.651502227875,0.2582,0.2063,0.1637
"5","HOM1",157.751809561878,0,158.012679127096,0,0.4885,0.4444,0.4681
"6","HOM2",159.722430234157,1.97062067227901,160.161990673718,2.14931154662202,0.4546,0.4538,0.4614
"7","HET0",161.958581724014,4.20677216213602,162.087613982079,4.07493485498301,0.0395,0.5053,0.1231
"8","HET2",161.210292663576,3.45848310169802,161.649853103137,3.637173976041,0.2569,0.4618,0.3342
