"","model","AIC","Delta_AIC","AIC_corr","Delta_AIC_corr","p_value_UT","p_value_S","p_value_joint"
"1","N0",173.91317329572,2.35031893023398,173.95572648721,2.26383986366,0.8674,0.3307,0.6811
"2","N1",174.154541355178,2.59168698969199,174.283573613243,2.59168698969299,0.8077,0.1807,0.4765
"3","N2",175.964581952851,4.401727587365,176.225451518069,4.533564894519,0.7594,0.2191,0.4552
"4","HOM0",174.353272924651,2.790418559165,174.482305182715,2.790418559165,0.6111,0.6312,0.6891
"5","HOM1",174.608238231594,3.04538386610798,174.869107796812,3.17722117326198,0.5084,0.4307,0.4744
"6","HOM2",176.497433361786,4.93457899629999,176.936993801346,5.245107177796,0.4709,0.4758,0.4825
"7","HET0",171.562854365486,0,171.69188662355,0,0.5933,0.4319,0.5465
"8","HET2",179.91317332006,8.35031895457399,180.35273375962,8.66084713607,0.8717,0.331,0.6979
