"","model","AIC","Delta_AIC","AIC_corr","Delta_AIC_corr","p_value_UT","p_value_S","p_value_joint"
"1","no_SIM_wo_fitm",676.512918464249,0,676.584347035678,0,0.7994,0.1286,0.4083
"2","no_SIM_fitm",678.455586932106,1.94266846785706,678.673768750288,2.08942171461001,0.7854,0.1001,0.3528
"3","no_SIM_fitm_unconstr",679.929644845872,3.41672638162299,680.374089290317,3.78974225463901,0.6772,0.1537,0.3507
"4","hom_wo_fitm",678.341259730385,1.82834126613602,678.559441548566,1.97509451288806,0.8236,0.1125,0.4011
"5","hom_fitm",680.279775184229,3.76685671998007,680.724219628674,4.13987259299597,0.8147,0.0915,0.3639
"6","hom_fitm_unconstr",678.84095842398,2.32803995973109,679.595675405113,3.01132836943498,0.4957,0.2241,0.2978
"7","het_zero_div",678.512918497246,2.00000003299704,678.731100315428,2.14675327974999,0.8006,0.1238,0.4131
"8","het_div",681.355665619614,4.84274715536503,682.110382600746,5.52603556506801,0.8317,0.2224,0.5369
