"","model","AIC","Delta_AIC","AIC_corr","Delta_AIC_corr","p_value_UT","p_value_S","p_value_joint"
"1","no_SIM_wo_fitm",352.355107329142,38.971533512766,352.442063850881,38.791823367839,0.9182,0,0.000199999999999978
"2","no_SIM_fitm",352.025680474332,38.642106657956,352.292347140999,38.642106657957,0.5199,0,0
"3","no_SIM_fitm_unconstr",336.746733680772,23.363159864396,337.292188226226,23.641947743184,0.0455,0.0641,0.0169
"4","hom_wo_fitm",313.383573816376,0,313.650240483042,0,0.7954,0.7227,0.8554
"5","hom_fitm",313.691128680154,0.307554863778023,314.236583225609,0.586342742567012,0.4453,0.5411,0.5256
"6","hom_fitm_unconstr",315.679625973744,2.29605215736802,316.609858531884,2.959618048842,0.4696,0.5069,0.5059
"7","het_zero_div",319.48859224701,6.105018430634,319.755258913677,6.10501843063497,0.8403,0.0212,0.2154
"8","het_div",316.726439414466,3.34286559808999,317.656671972606,4.00643148956397,0.7975,0.5017,0.7483
