"","model","AIC","Delta_AIC","AIC_corr","Delta_AIC_corr","p_value_UT","p_value_S","p_value_joint"
"1","N0",79.9066432073696,30.6094405969842,80.3066432073696,29.6761072636508,0.00819999999999999,0.000900000000000012,0
"2","N1",49.2972026103854,0,50.6305359437188,0,0.9481,0.2099,0.5853
"3","N2",49.8217842901643,0.524581679778905,52.8217842901643,2.1912483464455,0.7866,0.3722,0.626
"4","HOM0",92.4787790358583,43.1815764254729,93.8121123691917,43.1815764254729,0,0.00309999999999999,0
"5","HOM1",50.5070042598125,1.2098016494271,53.5070042598125,2.8764683160937,0.871,0.2531,0.5787
"6","HOM2",51.3411454789144,2.043942868529,57.0554311932001,6.4248952494813,0.8491,0.4796,0.7188
"7","HET0",50.4453146030407,1.1481119926553,51.778647936374,1.1481119926552,0.8862,0.5623,0.8533
"8","HET2",54.4453695031532,5.1481668927678,60.1596552174389,9.52911927372011,0.8918,0.5623,0.8569
