"","model","AIC","Delta_AIC","AIC_corr","Delta_AIC_corr","p_value_UT","p_value_S","p_value_joint"
"1","no_SIM_wo_fitm",251.418015773382,0,251.539227894594,0,0.6935,0.5403,0.7024
"2","no_SIM_fitm",252.484529089139,1.06651331575699,252.859529089139,1.32030119454498,0.4171,0.3383,0.3695
"3","no_SIM_fitm_unconstr",254.30258904478,2.88457327139801,255.076782593167,3.53755469857299,0.3326,0.4447,0.3573
"4","hom_wo_fitm",253.242687444455,1.82467167107299,253.617687444455,2.07845954986098,0.6481,0.6076,0.7048
"5","hom_fitm",254.301360710044,2.88334493666201,255.075554258431,3.53632636383699,0.3891,0.3939,0.385
"6","hom_fitm_unconstr",256.28056792515,4.86255215176803,257.613901258484,6.07467336389001,0.3601,0.4345,0.3728
"7","het_zero_div",252.930128168783,1.512112395401,253.305128168783,1.76590027418899,0.6223,0.5351,0.6466
"8","het_div",256.704949587418,5.28693381403602,258.038282920751,6.49905502615698,0.6413,0.3808,0.5686
