"","model","AIC","Delta_AIC","AIC_corr","Delta_AIC_corr","p_value_UT","p_value_S","p_value_joint"
"1","N0",48.3020090887358,0.0997120849972006,49.6353424220691,0,0.4751,0.622,0.6346
"2","N1",50.1469606592483,1.9446636555097,56.1469606592483,6.5116182371792,0.3543,0.5837,0.4993
"3","N2",52.1169648903648,3.9146678866262,76.1169648903648,26.4816224682957,0.3193,0.6359,0.4998
"4","HOM0",49.5696826419146,1.367385638176,55.5696826419146,5.9343402198455,0.4294,0.8582,0.6796
"5","HOM1",51.1643074045749,2.9620104008363,75.1643074045749,25.5289649825058,0.2367,0.8345,0.4636
"6","HOM2",50.3208515383552,2.1185545346166,Inf,Inf,0.4755,0.3581,0.4845
"7","HET0",48.2022970037386,0,54.2022970037386,4.5669545816695,0.361,0.8282,0.6111
"8","HET2",Inf,Inf,Inf,Inf,0,0,0
