"","model","AIC","Delta_AIC","AIC_corr","Delta_AIC_corr","p_value_UT","p_value_S","p_value_joint"
"1","no_SIM_wo_fitm",97.464288269429,18.7805851895705,97.864288269429,16.1805851895705,0.2731,0,9.9999999999989e-05
"2","no_SIM_fitm",88.4316606685149,9.74795758865639,89.7649940018482,8.08129092198969,0.9064,0.0185,0.1576
"3","no_SIM_fitm_unconstr",79.8097489363122,1.1260458564537,82.8097489363122,1.1260458564537,0.2476,0.5509,0.4442
"4","hom_wo_fitm",95.0389588453572,16.3552557654987,96.3722921786905,14.688589098832,0.00409999999999999,0.00529999999999997,0.000499999999999945
"5","hom_fitm",78.6837030798585,0,81.6837030798585,0,0.5871,0.3379,0.4846
"6","hom_fitm_unconstr",80.4258399517807,1.7421368719222,86.1401256660664,4.45642258620789,0.4472,0.4321,0.4664
"7","het_zero_div",81.6001647594603,2.9164616796018,82.9334980927936,1.2497950129351,0.4791,0.00860000000000005,0.0373
"8","het_div",80.4176079574484,1.73390487758989,86.1318936717341,4.4481905918756,0.3942,0.4427,0.442
