"","model","AIC","Delta_AIC","AIC_corr","Delta_AIC_corr","p_value_UT","p_value_S","p_value_joint"
"1","no_SIM_wo_fitm",356.730296990343,2.90642615181497,356.817253512082,2.72671600688699,0.2278,0.695,0.4359
"2","no_SIM_fitm",358.673342097405,4.84947125887697,358.940008764072,4.84947125887697,0.2731,0.7409,0.516
"3","no_SIM_fitm_unconstr",360.667869118191,6.84399827966297,361.213323663646,7.12278615845099,0.2606,0.7528,0.5123
"4","hom_wo_fitm",355.515567442006,1.69169660347796,355.782234108673,1.69169660347796,0.1086,0.8988,0.4567
"5","hom_fitm",357.515563489661,3.691692651133,358.061018035116,3.97048052992096,0.1088,0.9032,0.4657
"6","hom_fitm_unconstr",355.370239642646,1.546368804118,356.300472200786,2.20993469559096,0.4838,0.5067,0.5153
"7","het_zero_div",353.823870838528,0,354.090537505195,0,0.1158,0.6583,0.2747
"8","het_div",357.42439509879,3.60052426026198,358.354627656929,4.26409015173397,0.1108,0.5201,0.193
