"","model","AIC","Delta_AIC","AIC_corr","Delta_AIC_corr","p_value_UT","p_value_S","p_value_joint"
"1","N0",236.475711523224,1.59401999442599,236.596923644437,0.941038567252008,0.5072,0.9778,0.8452
"2","N1",236.051182182844,1.169490654046,236.426182182844,0.770297105659012,0.129,0.9062,0.3747
"3","N2",234.881691528798,0,235.655885077185,0,0.3595,0.5061,0.4039
"4","HOM0",237.108782390082,2.22709086128401,237.483782390082,1.82789731289702,0.6548,0.9308,0.8887
"5","HOM1",236.085137802028,1.20344627322999,236.859331350415,1.20344627323001,0.1781,0.7918,0.3786
"6","HOM2",236.881631234509,1.999939705711,238.214964567843,2.55907949065801,0.3641,0.4978,0.4113
"7","HET0",238.475712000809,3.59402047201101,238.850712000809,3.19482692362402,0.4994,0.9801,0.8489
"8","HET2",240.559351280354,5.67765975155601,241.892684613688,6.23679953650301,0.6566,0.9225,0.8721
