"","model","AIC","Delta_AIC","AIC_corr","Delta_AIC_corr","p_value_UT","p_value_S","p_value_joint"
"1","no_SIM_wo_fitm",522.870338238675,71.65805430801,522.959227127563,71.4742159241711,0.2429,0,0
"2","no_SIM_fitm",488.728162152025,37.51587822136,489.000889424753,37.515878221361,0.9838,0.0109,0.434
"3","no_SIM_fitm_unconstr",477.44866658052,26.236382649855,478.006806115404,26.521794912012,0.1796,0.1092,0.0666
"4","hom_wo_fitm",451.212283930665,0,451.485011203392,0,0.1147,0.5082,0.1749
"5","hom_fitm",452.974790047691,1.76250611702596,453.532929582575,2.04791837918299,0.161,0.5988,0.2691
"6","hom_fitm_unconstr",453.123788996367,1.91150506570199,454.076169948748,2.59115874535598,0.4861,0.4505,0.4772
"7","het_zero_div",497.530713289728,46.318429359063,497.803440562455,46.318429359063,0.2902,0,0.000199999999999978
"8","het_div",455.143393238012,3.93110930734696,456.095774190393,4.61076298700101,0.1154,0.4622,0.1535
