"","model","AIC","Delta_AIC","AIC_corr","Delta_AIC_corr","p_value_UT","p_value_S","p_value_joint"
"1","N0",52.5863532278563,0,53.9196865611896,0,0.4874,0.21,0.3605
"2","N1",54.4522299236263,1.86587669577,60.4522299236263,6.5325433624367,0.5963,0.2759,0.476
"3","N2",55.706125883609,3.1197726557527,79.706125883609,25.7864393224194,0.4016,0.5058,0.5194
"4","HOM0",53.0769111173777,0.490557889521398,59.0769111173777,5.1572245561881,0.4197,0.4045,0.4686
"5","HOM1",55.0562478001448,2.4698945722885,79.0562478001448,25.1365612389552,0.4645,0.4364,0.5171
"6","HOM2",57.0482254444325,4.4618722165762,Inf,Inf,0.4875,0.404,0.5157
"7","HET0",53.2283140366035,0.6419608087472,59.2283140366035,5.3086274754139,0.4386,0.2455,0.3582
"8","HET2",57.0762799378523,4.489926709996,Inf,Inf,0.4265,0.4081,0.4709
