"","model","AIC","Delta_AIC","AIC_corr","Delta_AIC_corr","p_value_UT","p_value_S","p_value_joint"
"1","N0",54.3917324706085,3.6401660643243,55.7250658039419,0,0.4838,0.2006,0.3387
"2","N1",56.0574449207897,5.3058785145055,62.0574449207897,6.3323791168478,0.6552,0.2902,0.5345
"3","N2",56.627964718866,5.8763983125818,80.627964718866,24.9028989149241,0.3526,0.6203,0.5563
"4","HOM0",52.1781718731999,1.4266054669157,58.1781718731999,2.453106069258,0.4297,0.8054,0.6624
"5","HOM1",53.8036345792187,3.0520681729345,77.8036345792187,22.0785687752768,0.2579,0.7357,0.4571
"6","HOM2",54.4232253433725,3.6716589370883,Inf,Inf,0.4812,0.3791,0.5068
"7","HET0",50.7515664062842,0,56.7515664062842,1.0265006023423,0.4178,0.5073,0.5243
"8","HET2",Inf,Inf,Inf,Inf,0,0,0
