"","model","AIC","Delta_AIC","AIC_corr","Delta_AIC_corr","p_value_UT","p_value_S","p_value_joint"
"1","N0",104.051387204393,39.0387210204969,104.451387204393,38.1053876871636,0.00849999999999995,0,0
"2","N1",69.4112420060811,4.398575822185,70.7445753394144,4.398575822185,0.3644,0.4859,0.4583
"3","N2",69.3726984112615,4.36003222736539,72.3726984112615,6.02669889403209,0.1436,0.7493,0.4417
"4","HOM0",114.032265572522,49.0195993886259,115.365598905855,49.0195993886256,0.004,0,0
"5","HOM1",67.4761322849785,2.4634661010824,70.4761322849785,4.1301327677491,0.1761,0.6928,0.3924
"6","HOM2",67.68057390262,2.6679077187239,73.3948596169057,7.0488600996763,0.4449,0.3599,0.4381
"7","HET0",65.0126661838961,0,66.3459995172294,0,0.3451,0.7148,0.5736
"8","HET2",68.3984916677701,3.385825483874,74.1127773820558,7.7667778648264,0.3925,0.6045,0.5428
