"","model","AIC","Delta_AIC","AIC_corr","Delta_AIC_corr","p_value_UT","p_value_S","p_value_joint"
"1","N0",117.916757018251,0,117.95931020974,0,0.3949,0.7905,0.6684
"2","N1",118.126928870344,0.210171852092998,118.255961128408,0.296650918668007,0.2538,0.7192,0.4866
"3","N2",120.115241553849,2.198484535598,120.376111119066,2.416800909326,0.2633,0.7142,0.4781
"4","HOM0",119.129205255024,1.212448236773,119.258237513089,1.298927303349,0.6113,0.5892,0.66
"5","HOM1",119.258743066495,1.341986048244,119.519612631713,1.56030242197301,0.4603,0.4684,0.484
"6","HOM2",121.255347435409,3.338590417158,121.69490787497,3.73559766523,0.4696,0.4664,0.4785
"7","HET0",119.718937148888,1.802180130637,119.847969406952,1.88865919721201,0.331,0.8209,0.6346
"8","HET2",123.051025743567,5.13426872531599,123.490586183127,5.531275973387,0.6068,0.597,0.6581
