"","model","AIC","Delta_AIC","AIC_corr","Delta_AIC_corr","p_value_UT","p_value_S","p_value_joint"
"1","N0",129.509608245371,63.7691061934954,130.509608245371,57.6657744889554,0,0,0
"2","N1",68.8438337564156,3.10333170454001,72.8438337564156,0,0.7557,0.3549,0.5971
"3","N2",67.7094242583814,1.96892220650581,79.7094242583814,6.8655905019658,0.3,0.7834,0.6138
"4","HOM0",136.848359091011,71.1078570391354,140.848359091011,68.0045253345954,0,0,0
"5","HOM1",65.7405020518756,0,77.7405020518756,4.89666829545999,0.2738,0.743,0.5286
"6","HOM2",66.5878322206855,0.847330168809904,106.587832220685,33.7439984642694,0.5194,0.5232,0.5936
"7","HET0",76.4814910146679,10.7409889627923,80.4814910146679,7.63765725825229,0.0185,0.00890000000000002,0.000600000000000045
"8","HET2",72.6022804444766,6.86177839260101,112.602280444477,39.7584466880614,0.0134,0.518,0.056
