"","model","AIC","Delta_AIC","AIC_corr","Delta_AIC_corr","p_value_UT","p_value_S","p_value_joint"
"1","no_SIM_wo_fitm",526.497556870851,54.721332611504,526.548838922133,54.616770506942,0.9705,0,0.0248
"2","no_SIM_fitm",527.882750479169,56.106526219822,528.038594635014,56.106526219823,0.8887,0,0.00539999999999996
"3","no_SIM_fitm_unconstr",496.522779472434,24.746555213087,496.838568946118,24.906500530927,0.2133,0.4762,0.2741
"4","hom_wo_fitm",484.051601462214,12.275377202867,484.207445618058,12.275377202867,0.908,0.1217,0.7048
"5","hom_fitm",472.479920533552,0.703696274205015,472.795710007236,0.863641592044985,0.4022,0.7947,0.5698
"6","hom_fitm_unconstr",472.899149904546,1.12292564519902,473.43248323788,1.50041482268898,0.5721,0.4242,0.5591
"7","het_zero_div",471.776224259347,0,471.932068415191,0,0.9126,0.2671,0.8554
"8","het_div",474.837041566879,3.06081730753203,475.370374900212,3.43830648502103,0.9127,0.4557,0.8977
