"","model","AIC","Delta_AIC","AIC_corr","Delta_AIC_corr","p_value_UT","p_value_S","p_value_joint"
"1","N0",252.303350072996,2.15094090305902,252.345903264485,2.06446183648299,0.7677,0.1156,0.3579
"2","N1",254.040000045509,3.88759087557202,254.169032303574,3.88759087557199,0.8149,0.1516,0.453
"3","N2",255.616707765081,5.46429859514402,255.877577330298,5.596135902296,0.8808,0.1026,0.5027
"4","HOM0",250.152409169937,0,250.281441428002,0,0.3097,0.5182,0.3953
"5","HOM1",251.970621905144,1.818212735207,252.231491470361,1.95005004235898,0.358,0.5889,0.4787
"6","HOM2",253.229825812519,3.07741664258202,253.66938625208,3.38794482407798,0.4746,0.4767,0.4786
"7","HET0",253.215257390995,3.062848221058,253.34428964906,3.06284822105798,0.6388,0.1508,0.3287
"8","HET2",254.067351091291,3.914941921354,254.506911530852,4.22547010284998,0.3033,0.4466,0.3432
