"","model","AIC","Delta_AIC","AIC_corr","Delta_AIC_corr","p_value_UT","p_value_S","p_value_joint"
"1","no_SIM_wo_fitm",362.154715662576,0,362.241672184315,0,0.4146,0.6228,0.5498
"2","no_SIM_fitm",364.15259153593,1.99787587335402,364.419258202597,2.177586018282,0.4085,0.6221,0.5423
"3","no_SIM_fitm_unconstr",366.143443157864,3.988727495288,366.688897703318,4.44722551900298,0.4152,0.5923,0.5289
"4","hom_wo_fitm",363.854466225528,1.69975056295198,364.121132892195,1.87946070788001,0.3764,0.714,0.5888
"5","hom_fitm",365.854447734243,3.69973207166703,366.399902279697,4.15823009538201,0.3758,0.7039,0.5831
"6","hom_fitm_unconstr",367.229004514224,5.07428885164802,368.159237072364,5.91756488804901,0.537,0.5085,0.5534
"7","het_zero_div",363.333947585544,1.17923192296803,363.600614252211,1.35894206789601,0.3478,0.6263,0.4975
"8","het_div",Inf,Inf,Inf,Inf,0,0,0
