"","model","AIC","Delta_AIC","AIC_corr","Delta_AIC_corr","p_value_UT","p_value_S","p_value_joint"
"1","no_SIM_wo_fitm",254.099211529844,0,254.224211529844,0,0.576,0.1635,0.3556
"2","no_SIM_fitm",256.09878268826,1.99957115841596,256.485879462454,2.26166793261001,0.5634,0.1671,0.3442
"3","no_SIM_fitm_unconstr",257.98709837239,3.88788684254598,258.78709837239,4.56288684254599,0.5027,0.2249,0.3449
"4","hom_wo_fitm",255.689790344978,1.59057881513399,256.076887119171,1.85267558932696,0.6452,0.1278,0.3612
"5","hom_fitm",257.67682105423,3.57760952438599,258.47682105423,4.252609524386,0.6207,0.1174,0.3268
"6","hom_fitm_unconstr",258.241198084805,4.14198655496097,259.620508429632,5.39629689978801,0.3545,0.3476,0.3152
"7","het_zero_div",256.099211545772,2.00000001592798,256.486308319966,2.26209679012197,0.5676,0.16,0.3427
"8","het_div",258.547976999514,4.44876546966998,259.927287344342,5.70307581449799,0.6487,0.38,0.5664
