"","model","AIC","Delta_AIC","AIC_corr","Delta_AIC_corr","p_value_UT","p_value_S","p_value_joint"
"1","N0",518.616059006652,18.582981860818,518.704947895541,17.7194897973259,0.9845,0.993,0.9995
"2","N1",510.202916460546,10.169839314712,510.475643733274,9.49018563505899,0.2885,0.8931,0.6029
"3","N2",511.510366421963,11.477289276129,512.068505956847,11.083047858632,0.1917,0.9703,0.6128
"4","HOM0",517.8666356857,17.833558539866,518.139362958427,17.153904860212,0.9626,0.9996,0.9995
"5","HOM1",506.393454927014,6.36037778117998,506.951594461898,5.96613636368301,0.1322,0.9873,0.5535
"6","HOM2",500.033077145834,0,500.985458098215,0,0.6453,0.4681,0.6362
"7","HET0",510.563226185525,10.530149039691,510.835953458252,9.85049536003697,0.9121,0.9995,0.9984
"8","HET2",513.011945658275,12.978868512441,513.964326610656,12.978868512441,0.9724,0.9977,0.9994
