"","model","AIC","Delta_AIC","AIC_corr","Delta_AIC_corr","p_value_UT","p_value_S","p_value_joint"
"1","N0",200.493798639694,0.313037221640997,200.536351831184,0.226558155065987,0.3981,0.157,0.2071
"2","N1",200.180761418053,0,200.309793676118,0,0.6112,0.3048,0.4666
"3","N2",202.095199944817,1.914438526764,202.356069510034,2.04627583391598,0.5883,0.3496,0.4621
"4","HOM0",202.268154807167,2.087393389114,202.397187065232,2.087393389114,0.3046,0.2444,0.215
"5","HOM1",201.943968867491,1.763207449438,202.204838432709,1.89504475659101,0.5029,0.4335,0.478
"6","HOM2",203.871874350603,3.69111293255,204.311434790163,4.00164111404499,0.4669,0.4617,0.471
"7","HET0",202.36792780585,2.18716638779699,202.496960063914,2.187166387796,0.3698,0.1707,0.1995
"8","HET2",204.516418850045,4.33565743199199,204.955979289605,4.64618561348701,0.3022,0.4702,0.3674
