"","model","AIC","Delta_AIC","AIC_corr","Delta_AIC_corr","p_value_UT","p_value_S","p_value_joint"
"1","N0",125.868241731388,42.8075581221831,126.268241731388,40.2075581221831,0.9595,0,0.00129999999999997
"2","N1",110.405070552017,27.3443869428121,111.73840388535,25.6777202761451,0.9993,0.4191,0.914
"3","N2",86.3940408575979,3.333357248393,89.3940408575979,3.333357248393,0.916,0.9471,0.987
"4","HOM0",160.201736420382,77.1410528111771,161.535069753716,75.4743861445111,0,0,0
"5","HOM1",83.0606836092049,0,86.0606836092049,0,0.8836,0.4137,0.6894
"6","HOM2",83.361898121369,0.301214512164094,89.0761838356547,3.0155002264498,0.8419,0.5189,0.7146
"7","HET0",86.2780423902918,3.2173587810869,87.6113757236252,1.5506921144203,0.9686,0.0855,0.4028
"8","HET2",86.4005229046055,3.33983929540059,92.1148086188912,6.0541250096863,0.8957,0.5297,0.8225
