"","model","AIC","Delta_AIC","AIC_corr","Delta_AIC_corr","p_value_UT","p_value_S","p_value_joint"
"1","N0",51.7398048879547,4.9952588910851,53.073138221288,0.328592224418401,0.4826,0.2473,0.3874
"2","N1",53.6659307202317,6.9213847233621,59.6659307202317,6.9213847233621,0.5777,0.2935,0.4815
"3","N2",54.5290598491123,7.7845138522427,78.5290598491123,25.7845138522427,0.328,0.6069,0.5298
"4","HOM0",49.9606046971772,3.21605870030761,55.9606046971772,3.21605870030761,0.4286,0.9279,0.706
"5","HOM1",51.3588500411009,4.6143040442313,75.3588500411009,22.6143040442313,0.2008,0.9464,0.4305
"6","HOM2",Inf,Inf,Inf,Inf,0,0,0
"7","HET0",46.7445459968696,0,52.7445459968696,0,0.362,0.9617,0.625
"8","HET2",Inf,Inf,Inf,Inf,0,0,0
