"","model","AIC","Delta_AIC","AIC_corr","Delta_AIC_corr","p_value_UT","p_value_S","p_value_joint"
"1","N0",124.197241296977,25.3661231881949,124.597241296977,22.766123188195,0.9432,0,0.003
"2","N1",110.905431667613,12.0743135588309,112.238765000946,10.407646892164,0.9989,0.3652,0.8804
"3","N2",98.8311181087821,0,101.831118108782,0,0.7964,0.5237,0.647
"4","HOM0",146.862585353875,48.0314672450929,148.195918687208,46.364800578426,0,0.000399999999999956,0
"5","HOM1",103.695042032367,4.86392392358489,106.695042032367,4.86392392358501,0.9104,0.3991,0.7372
"6","HOM2",100.34775891081,1.51664080202789,106.062044625096,4.230926516314,0.8479,0.6271,0.7399
"7","HET0",118.663850208805,19.8327321000229,119.997183542139,18.166065433357,0.9899,0.000299999999999967,0.00700000000000001
"8","HET2",103.378054127361,4.54693601857889,109.092339841647,7.26122173286501,0.8973,0.6224,0.8304
