"","model","AIC","Delta_AIC","AIC_corr","Delta_AIC_corr","p_value_UT","p_value_S","p_value_joint"
"1","no_SIM_wo_fitm",71.2118373645714,8.29582787709129,72.2118373645714,5.2958278770913,0.4512,0.0355,0.0821
"2","no_SIM_fitm",71.5504448426444,8.63443535516429,75.5504448426444,8.6344353551643,0.6989,0.121,0.2969
"3","no_SIM_fitm_unconstr",70.0738537269811,7.157844239501,82.0738537269811,15.157844239501,0.2894,0.4255,0.346
"4","hom_wo_fitm",63.0232292112524,0.107219723772296,67.0232292112524,0.107219723772303,0.4131,0.8,0.681
"5","hom_fitm",64.3855856765845,1.46957618910439,76.3855856765845,9.4695761891044,0.2194,0.7058,0.4376
"6","hom_fitm_unconstr",65.1648580176298,2.24884853014969,105.16485801763,38.2488485301499,0.4691,0.4214,0.5004
"7","het_zero_div",62.9160094874801,0,66.9160094874801,0,0.4438,0.2601,0.3525
"8","het_div",65.2854638454459,2.3694543579658,105.285463845446,38.3694543579659,0.4168,0.4688,0.4849
