"","model","AIC","Delta_AIC","AIC_corr","Delta_AIC_corr","p_value_UT","p_value_S","p_value_joint"
"1","no_SIM_wo_fitm",135.283696531224,1.99652904017199,135.326249722713,1.91004997359698,0.3185,0.8826,0.7085
"2","no_SIM_fitm",133.287167491052,0,133.416199749116,0,0.1388,0.7918,0.426
"3","no_SIM_fitm_unconstr",134.29384254897,1.00667505791799,134.554712114187,1.13851236507099,0.2222,0.6897,0.3912
"4","hom_wo_fitm",136.095882252396,2.80871476134399,136.224914510461,2.80871476134499,0.6103,0.704,0.734
"5","hom_fitm",134.027206750323,0.740039259270986,134.28807631554,0.871876566423992,0.3851,0.5551,0.4776
"6","hom_fitm_unconstr",135.273367588766,1.986200097714,135.712928028326,2.29672827920999,0.4649,0.4658,0.4775
"7","het_zero_div",137.207082830266,3.91991533921399,137.336115088331,3.91991533921501,0.2701,0.8893,0.6882
"8","het_div",141.061092447367,7.773924956315,141.500652886927,8.08445313781101,0.344,0.871,0.7166
