"","model","AIC","Delta_AIC","AIC_corr","Delta_AIC_corr","p_value_UT","p_value_S","p_value_joint"
"1","no_SIM_wo_fitm",288.88076411003,42.226972542915,288.98076411003,42.019280235222,0.9024,0,0.00590000000000002
"2","no_SIM_fitm",284.227871831775,37.57408026466,284.535564139468,37.57408026466,0.1294,9.9999999999989e-05,9.9999999999989e-05
"3","no_SIM_fitm_unconstr",282.825977797251,36.172186230136,283.45755674462,36.496072869812,0.0579,0.00619999999999998,0.00149999999999995
"4","hom_wo_fitm",256.016902795923,9.36311122880798,256.324595103615,9.36311122880701,0.7991,0.9295,0.9515
"5","hom_fitm",254.075768540912,7.421976973797,254.70734748828,7.74586361347198,0.1891,0.9035,0.5421
"6","hom_fitm_unconstr",248.497118525982,1.84332695886698,249.578199607063,2.61671573225499,0.4688,0.6721,0.5573
"7","het_zero_div",246.653791567115,0,246.961483874808,0,0.797,0.8108,0.8858
"8","het_div",250.677999989083,4.02420842196798,251.759081070164,4.79759719535599,0.7962,0.8051,0.8845
