"","model","AIC","Delta_AIC","AIC_corr","Delta_AIC_corr","p_value_UT","p_value_S","p_value_joint"
"1","no_SIM_wo_fitm",275.879900770544,4.96810556148199,275.922453962033,4.88162649490602,0.8746,0.102,0.4503
"2","no_SIM_fitm",277.873419428684,6.96162421962197,278.002451686749,6.96162421962202,0.8861,0.1122,0.4598
"3","no_SIM_fitm_unconstr",278.973751539964,8.06195633090198,279.234621105182,8.19379363805501,0.946,0.0657,0.5519
"4","hom_wo_fitm",270.911795209062,0,271.040827467127,0,0.3078,0.6132,0.4624
"5","hom_fitm",272.908502418699,1.99670720963701,273.169371983917,2.12854451679004,0.289,0.6131,0.4478
"6","hom_fitm_unconstr",273.359840328775,2.44804511971302,273.799400768335,2.758573301208,0.4606,0.4587,0.4587
"7","het_zero_div",270.970442316945,0.0586471078830186,271.09947457501,0.0586471078830186,0.4571,0.2022,0.2731
"8","het_div",273.144742892482,2.23294768341998,273.584303332042,2.54347586491502,0.3882,0.2192,0.2535
