"","model","AIC","Delta_AIC","AIC_corr","Delta_AIC_corr","p_value_UT","p_value_S","p_value_joint"
"1","N0",267.179175590884,17.893838927247,267.279175590884,17.686146619555,0.8952,0.00149999999999995,0.0785
"2","N1",265.1412699929,15.855933329263,265.448962300592,15.855933329263,0.2594,0.00129999999999997,0.00470000000000004
"3","N2",264.75892816182,15.473591498183,265.390507109188,15.797478137859,0.1573,0.049,0.0313
"4","HOM0",251.759574212587,2.47423754895001,252.067266520279,2.47423754894999,0.8165,0.7756,0.8959
"5","HOM1",251.396232553506,2.110895889869,252.027811500875,2.434782529546,0.3307,0.7078,0.5265
"6","HOM2",251.699635154455,2.414298490818,252.780716235536,3.187687264207,0.4796,0.4479,0.4886
"7","HET0",249.285336663637,0,249.593028971329,0,0.818,0.3983,0.7506
"8","HET2",252.898132140721,3.61279547708401,253.979213221802,4.38618425047301,0.8182,0.5016,0.7987
