"","model","AIC","Delta_AIC","AIC_corr","Delta_AIC_corr","p_value_UT","p_value_S","p_value_joint"
"1","N0",232.886493490921,9.99735855178,233.007705612133,9.74357067299201,0.785,0.00390000000000001,0.108
"2","N1",233.679155294616,10.790020355475,234.054155294616,10.790020355475,0.4278,0.00229999999999997,0.0209
"3","N2",231.138404934793,8.24926999565199,231.91259848318,8.648463544039,0.156,0.173,0.099
"4","HOM0",222.889134939141,0,223.264134939141,0,0.644,0.5212,0.6628
"5","HOM1",224.077040854272,1.18790591513101,224.851234402659,1.587099463518,0.3796,0.388,0.369
"6","HOM2",226.064425558159,3.175290619018,227.397758891492,4.133623952351,0.3743,0.418,0.3845
"7","HET0",223.264902588337,0.375767649196007,223.639902588337,0.375767649196007,0.6762,0.1148,0.3988
"8","HET2",226.76844960314,3.879314663999,228.101782936474,4.83764799733299,0.6613,0.4104,0.6134
