"","model","AIC","Delta_AIC","AIC_corr","Delta_AIC_corr","p_value_UT","p_value_S","p_value_joint"
"1","N0",76.3462010782171,2.52055245002131,76.7462010782172,0,0.9489,0.0844,0.3144
"2","N1",76.2695497196006,2.44390109140481,77.602883052934,0.856681974716807,0.9903,0.3354,0.7678
"3","N2",73.8256486281958,0,76.8256486281958,0.079447549978596,0.7867,0.3503,0.5126
"4","HOM0",126.665661770611,52.8400131424152,127.998995103944,51.2527940257268,0,9.9999999999989e-05,0
"5","HOM1",75.9313117983367,2.1056631701409,78.9313117983367,2.1851107201195,0.8913,0.2689,0.5767
"6","HOM2",74.6732028311444,0.847554202948601,80.3874885454301,3.6412874672129,0.8453,0.5239,0.6826
"7","HET0",75.6052632184517,1.7796145902559,76.938596551785,0.1923954735678,0.9724,0.1677,0.5141
"8","HET2",77.7035130846589,3.8778644564631,83.4177987989446,6.6715977207274,0.8989,0.5336,0.7996
