"","model","AIC","Delta_AIC","AIC_corr","Delta_AIC_corr","p_value_UT","p_value_S","p_value_joint"
"1","N0",2002.30057614134,12.90306211999,2002.31696958396,12.82028200889,0.00209999999999999,0.9814,0.1078
"2","N1",1997.3620555418,7.96454152044998,1997.41143825785,7.9147506827801,0.2214,0.9988,0.8628
"3","N2",1989.39751402135,0,1989.49668757507,0,0.6964,0.708,0.7785
"4","HOM0",2000.06056660598,10.6630525846301,2000.10994932203,10.61326174696,0.00960000000000005,0.908,0.1216
"5","HOM1",1996.45412924843,7.0566152270801,1996.55330280215,7.0566152270801,0.305,0.99,0.8221
"6","HOM2",1989.97737693629,0.579862914940122,1990.14335204003,0.646664464960168,0.789,0.5895,0.7992
"7","HET0",2004.30057615559,14.9030621342401,2004.34995887164,14.85327129657,0.00190000000000001,0.9827,0.1103
"8","HET2",2002.4154554338,13.01794141245,2002.58143053754,13.08474296247,0.00880000000000003,0.6039,0.0362
