"","model","AIC","Delta_AIC","AIC_corr","Delta_AIC_corr","p_value_UT","p_value_S","p_value_joint"
"1","no_SIM_wo_fitm",223.267416898721,1.24428116372999,223.309970090211,1.15780209715601,0.6689,0.037,0.1749
"2","no_SIM_fitm",223.305346613072,1.282210878081,223.434378871137,1.282210878082,0.812,0.0976,0.3933
"3","no_SIM_fitm_unconstr",225.284688684817,3.26155294982601,225.545558250034,3.39339025697899,0.8026,0.1008,0.388
"4","hom_wo_fitm",222.336692071988,0.31355633699701,222.465724330052,0.31355633699701,0.2957,0.2697,0.2141
"5","hom_fitm",222.316702842517,0.293567107526002,222.577572407734,0.425404414679008,0.4545,0.459,0.454
"6","hom_fitm_unconstr",224.313068096135,2.289932361144,224.752628535695,2.60046054264001,0.4571,0.4519,0.461
"7","het_zero_div",222.023135734991,0,222.152167993055,0,0.4133,0.063,0.1236
"8","het_div",225.146951529805,3.12381579481399,225.586511969366,3.434343976311,0.3022,0.4574,0.3381
