"","model","AIC","Delta_AIC","AIC_corr","Delta_AIC_corr","p_value_UT","p_value_S","p_value_joint"
"1","no_SIM_wo_fitm",920.178843216733,168.863866368035,920.247808733975,168.504260456706,0.00180000000000002,0,0
"2","no_SIM_fitm",840.027107748317,88.712130899619,840.237634064107,88.494085786838,0.1414,0,0
"3","no_SIM_fitm_unconstr",771.885133616236,20.5701567675379,772.313705044807,20.5701567675379,0.0176,0,0
"4","hom_wo_fitm",765.935823306557,14.620846457859,766.146349622346,14.4028013450769,0.000700000000000034,0,0
"5","hom_fitm",751.314976848698,0,751.743548277269,0,0.1573,0.004,0.00480000000000003
"6","hom_fitm_unconstr",753.300270941543,1.98529409284492,754.027543668816,2.28399539154691,0.1697,0.00390000000000001,0.00549999999999995
"7","het_zero_div",842.476480281138,91.16150343244,842.687006596928,90.9434583196589,0.002,0,0
"8","het_div",760.607626642119,9.29264979342099,761.334899369391,9.59135109212195,0.00149999999999995,0.00319999999999998,9.9999999999989e-05
