"","model","AIC","Delta_AIC","AIC_corr","Delta_AIC_corr","p_value_UT","p_value_S","p_value_joint"
"1","no_SIM_wo_fitm",259.111714543826,0.90819900785101,259.232926665038,0.654411129063021,0.7667,0.1841,0.5125
"2","no_SIM_fitm",260.930620274974,2.727104738999,261.305620274974,2.727104738999,0.6624,0.13,0.3698
"3","no_SIM_fitm_unconstr",259.899186617767,1.695671081792,260.673380166154,2.09486463017902,0.2809,0.5473,0.3805
"4","hom_wo_fitm",258.203515535975,0,258.578515535975,0,0.645,0.4594,0.6248
"5","hom_fitm",259.836128534143,1.63261299816799,260.61032208253,2.031806546555,0.4963,0.32,0.4108
"6","hom_fitm_unconstr",261.483293470824,3.27977793484899,262.816626804157,4.23811126818202,0.3509,0.4781,0.3968
"7","het_zero_div",259.281970282524,1.07845474654903,259.656970282524,1.07845474654903,0.6971,0.207,0.4798
"8","het_div",264.858712430909,6.65519689493402,266.192045764242,7.613530228267,0.7543,0.1937,0.5104
