"","model","AIC","Delta_AIC","AIC_corr","Delta_AIC_corr","p_value_UT","p_value_S","p_value_joint"
"1","N0",106.292581119425,7.7925750711903,106.335134310914,7.59048621424181,0.00460000000000005,0.9419,0.1556
"2","N1",106.05966425366,7.55965820542531,106.188696511724,7.44404841505181,0.0195,0.9659,0.3542
"3","N2",108.019126349206,9.51912030097131,108.279995914423,9.5353478177508,0.0171,0.9692,0.386
"4","HOM0",98.6156158386077,0.115609790373,98.7446480966722,0,0.2519,0.2982,0.2234
"5","HOM1",98.5000060482347,0,98.7608756134521,0.0162275167799066,0.475,0.355,0.4479
"6","HOM2",100.427357700537,1.92735165230231,100.866918140097,2.12227004342481,0.4582,0.3749,0.4428
"7","HET0",108.292581130322,9.79257508208731,108.421613388386,9.67696529171381,0.00460000000000005,0.9395,0.156
"8","HET2",101.915394142135,3.4153880939003,102.354954581696,3.61030648502381,0.2591,0.381,0.2752
