"","model","AIC","Delta_AIC","AIC_corr","Delta_AIC_corr","p_value_UT","p_value_S","p_value_joint"
"1","N0",178.854473061045,0,178.897026252534,0,0.1919,0.6302,0.3882
"2","N1",180.726721689397,1.872248628352,180.855753947461,1.95872769492701,0.2338,0.6789,0.4594
"3","N2",180.901383814885,2.04691075384,181.162253380102,2.26522712756798,0.4073,0.5043,0.4555
"4","HOM0",180.788770831505,1.93429777045998,180.91780308957,2.02077683703598,0.2578,0.5881,0.4033
"5","HOM1",182.65706472305,3.802591662005,182.917934288267,4.02090803573299,0.2914,0.6212,0.4597
"6","HOM2",182.869792117719,4.01531905667397,183.309352557279,4.41232630474499,0.4522,0.4688,0.4688
"7","HET0",180.854473075398,2.00000001435299,180.983505333462,2.086479080928,0.1971,0.6322,0.3955
"8","HET2",184.349126502737,5.49465344169198,184.788686942298,5.891660689764,0.2459,0.4822,0.3203
