"","model","AIC","Delta_AIC","AIC_corr","Delta_AIC_corr","p_value_UT","p_value_S","p_value_joint"
"1","N0",77.9475480439676,7.1395431335476,78.3475480439676,6.20620980021431,0.1679,0.0781,0.0592
"2","N1",71.527846930773,0.719842020352999,72.8611802641064,0.719842020353099,0.413,0.4901,0.5082
"3","N2",73.3253238789002,2.51731896848021,76.3253238789002,4.18398563514691,0.3234,0.5669,0.4892
"4","HOM0",106.136680638491,35.328675728071,107.470013971824,35.3286757280707,0.004,0.000499999999999945,0
"5","HOM1",73.0632538469707,2.2552489365507,76.0632538469707,3.9219156032174,0.3356,0.5483,0.477
"6","HOM2",74.8914831762444,4.08347826582441,80.6057688905301,8.4644306467768,0.4512,0.4621,0.5057
"7","HET0",70.80800491042,0,72.1413382437533,0,0.3694,0.523,0.4897
"8","HET2",74.7058213367631,3.8978164263431,80.4201070510488,8.27876880729551,0.3972,0.4213,0.4434
