"","model","AIC","Delta_AIC","AIC_corr","Delta_AIC_corr","p_value_UT","p_value_S","p_value_joint"
"1","N0",55.140539808012,14.0686024462757,56.4738731413453,9.401935779609,0.4777,0.00529999999999997,0.0187
"2","N1",57.0157134587518,15.9437760970155,63.0157134587518,15.9437760970155,0.6039,0.00819999999999999,0.0331
"3","N2",56.200358864051,15.1284215023147,80.200358864051,33.1284215023147,0.3148,0.0977,0.0932
"4","HOM0",44.8853831696461,3.81344580790979,50.8853831696461,3.81344580790979,0.4171,0.8505,0.6772
"5","HOM1",46.6686740469502,5.5967366852139,70.6686740469502,23.5967366852139,0.2788,0.8812,0.5288
"6","HOM2",Inf,Inf,Inf,Inf,0,0,0
"7","HET0",41.0719373617363,0,47.0719373617363,0,0.4133,0.9593,0.5952
"8","HET2",Inf,Inf,Inf,Inf,0,0,0
