"","model","AIC","Delta_AIC","AIC_corr","Delta_AIC_corr","p_value_UT","p_value_S","p_value_joint"
"1","N0",50.2838832096775,0.163612320000794,51.6172165430108,0,0.4792,0.4077,0.509
"2","N1",52.2838424337586,2.1635715440819,58.2838424337586,6.6666258907478,0.4804,0.4035,0.5155
"3","N2",53.9051733827069,3.7849024930302,77.9051733827069,26.2879568396961,0.3519,0.5907,0.5244
"4","HOM0",50.8143241562506,0.694053266573896,56.8143241562506,5.1971076132398,0.4201,0.709,0.6175
"5","HOM1",52.6580992310915,2.53782834141479,76.6580992310915,25.0408826880807,0.3116,0.6462,0.4953
"6","HOM2",53.9078725616796,3.7876016720029,Inf,Inf,0.4808,0.3898,0.5115
"7","HET0",50.1202708896767,0,56.1202708896767,4.50305434666591,0.4177,0.5144,0.529
"8","HET2",Inf,Inf,Inf,Inf,0,0,0
