"","model","AIC","Delta_AIC","AIC_corr","Delta_AIC_corr","p_value_UT","p_value_S","p_value_joint"
"1","no_SIM_wo_fitm",407.777912044069,94.545648318589,407.861245377402,94.107242521487,0.9177,0,0
"2","no_SIM_fitm",407.781572205632,94.549308480152,408.036891354568,94.282888498653,0.5738,0,0
"3","no_SIM_fitm_unconstr",380.623747094023,67.391483368543,381.145486224458,67.391483368543,0.0081,0,0
"4","hom_wo_fitm",314.523819059621,1.29155533414104,314.779138208557,1.025135352642,0.8023,0.8811,0.9377
"5","hom_fitm",313.23226372548,0,313.754002855915,0,0.2746,0.7333,0.5336
"6","hom_fitm_unconstr",314.006062014896,0.773798289415993,314.894950903785,1.14094804786998,0.4667,0.4426,0.4704
"7","het_zero_div",319.413871394434,6.18160766895403,319.66919054337,5.91518768745499,0.8235,0.0252,0.2723
"8","het_div",315.0923037934,1.86004006792001,315.981192682289,2.227189826374,0.8034,0.4564,0.7428
