"","model","AIC","Delta_AIC","AIC_corr","Delta_AIC_corr","p_value_UT","p_value_S","p_value_joint"
"1","no_SIM_wo_fitm",139.08960720721,2.02834033420001,139.1321603987,1.81002396047299,0.3451,0.6173,0.4872
"2","no_SIM_fitm",141.079561052155,4.01829417914499,141.208593310219,3.88645687199198,0.3287,0.614,0.4708
"3","no_SIM_fitm_unconstr",137.06126687301,0,137.322136438227,0,0.594,0.3249,0.5177
"4","hom_wo_fitm",140.899647172234,3.83838029922401,141.028679430298,3.70654299207101,0.2541,0.7236,0.4963
"5","hom_fitm",142.890220748551,5.828953875541,143.151090313769,5.828953875542,0.2393,0.7172,0.4714
"6","hom_fitm_unconstr",138.711804500386,1.650537627376,139.151364939947,1.82922850172,0.4383,0.4636,0.4458
"7","het_zero_div",138.435445370636,1.37417849762599,138.564477628701,1.24234119047401,0.1386,0.7508,0.367
"8","het_div",144.522782374626,7.46151550161599,144.962342814186,7.640206375959,0.3375,0.6437,0.5019
