"","model","AIC","Delta_AIC","AIC_corr","Delta_AIC_corr","p_value_UT","p_value_S","p_value_joint"
"1","no_SIM_wo_fitm",318.865687799123,3.31799150480003,318.952644320862,3.13828135987302,0.225,0.4353,0.2738
"2","no_SIM_fitm",320.772585557205,5.22488926288202,321.039252223871,5.22488926288202,0.3112,0.4666,0.3607
"3","no_SIM_fitm_unconstr",322.738687052175,7.19099075785203,323.28414159763,7.46977863664102,0.2654,0.53,0.3741
"4","hom_wo_fitm",316.388276227175,0.840579932852052,316.654942893842,0.840579932853018,0.1096,0.8701,0.4417
"5","hom_fitm",318.326131183931,2.77843488960804,318.871585729386,3.05722276839703,0.1481,0.8898,0.5272
"6","hom_fitm_unconstr",315.886442908525,0.338746614202023,316.816675466665,1.002312505676,0.4833,0.4781,0.5009
"7","het_zero_div",315.547696294323,0,315.814362960989,0,0.1227,0.5827,0.2476
"8","het_div",318.137633030836,2.58993673651304,319.067865588976,3.25350262798702,0.1131,0.5747,0.213
