"","model","AIC","Delta_AIC","AIC_corr","Delta_AIC_corr","p_value_UT","p_value_S","p_value_joint"
"1","no_SIM_wo_fitm",349.415862132937,1.08528363634599,349.508885388751,0.892592606445021,0.4795,0.6899,0.6431
"2","no_SIM_fitm",351.309440511448,2.97886201485699,351.595154797162,2.97886201485602,0.3872,0.6385,0.5316
"3","no_SIM_fitm_unconstr",353.162287730212,4.83170923362098,353.74765358387,5.13136080156397,0.3198,0.738,0.5497
"4","hom_wo_fitm",349.335763061318,1.00518456472702,349.621477347032,1.00518456472599,0.3681,0.8884,0.7131
"5","hom_fitm",351.222136536449,2.89155803985801,351.807502390108,3.19120960780202,0.2846,0.8444,0.6039
"6","hom_fitm_unconstr",351.715346432638,3.38476793604701,352.715346432638,4.099053650332,0.5432,0.5899,0.615
"7","het_zero_div",348.330578496591,0,348.616292782306,0,0.3654,0.7076,0.5633
"8","het_div",352.021047979703,3.690469483112,353.021047979703,4.40475519739698,0.3748,0.6273,0.5106
