"","model","AIC","Delta_AIC","AIC_corr","Delta_AIC_corr","p_value_UT","p_value_S","p_value_joint"
"1","no_SIM_wo_fitm",1462.59570196834,75.74618425884,1462.62101842404,75.5134361984099,0.7802,0,0.00270000000000004
"2","no_SIM_fitm",1464.57490642514,77.7253887156398,1464.65133954616,77.54375732053,0.8102,0,0.00280000000000002
"3","no_SIM_fitm_unconstr",1448.73409872403,61.8845810145299,1448.88794487787,61.78036265224,0.0494,0.0769,0.0153
"4","hom_wo_fitm",1388.09182263656,1.24230492705988,1388.16825575758,1.06067353194999,0.3479,0.9609,0.8243
"5","hom_fitm",1387.94372724859,1.09420953908989,1388.09757340244,0.989991176810008,0.0971,0.8471,0.4032
"6","hom_fitm_unconstr",1386.8495177095,0,1387.10758222563,0,0.3634,0.4601,0.388
"7","het_zero_div",1404.9293434643,18.0798257547999,1405.00577658532,17.89819435969,0.5533,0.00129999999999997,0.0153
"8","het_div",1386.9306218674,0.081104157899972,1387.18868638353,0.081104157899972,0.3436,0.4687,0.3806
