"","model","AIC","Delta_AIC","AIC_corr","Delta_AIC_corr","p_value_UT","p_value_S","p_value_joint"
"1","N0",93.9890153427095,1.026657116518,94.3890153427095,0.0933237831846014,0.4487,0.0313,0.0719
"2","N1",92.9623582261915,0,94.2956915595249,0,0.6747,0.3671,0.5559
"3","N2",94.7133277726869,1.7509695464954,97.7133277726869,3.417636213162,0.5254,0.4051,0.495
"4","HOM0",114.342377428402,21.3800192022105,115.675710761736,21.3800192022111,0.00439999999999996,0.00190000000000001,0
"5","HOM1",94.9141077448095,1.951749518618,97.9141077448095,3.6184161852846,0.6346,0.3749,0.5382
"6","HOM2",96.4096586437429,3.4473004175514,102.123944358029,7.8282527985041,0.4426,0.4844,0.5052
"7","HET0",95.989015378302,3.0266571521105,97.3223487116353,3.0266571521104,0.4515,0.032,0.0763
"8","HET2",96.4328695729864,3.47051134679491,102.147155287272,7.8514637277471,0.3939,0.4896,0.4851
