"","model","AIC","Delta_AIC","AIC_corr","Delta_AIC_corr","p_value_UT","p_value_S","p_value_joint"
"1","N0",149.8514783977,3.02668920369598,149.894031589189,2.94021013712,0.7478,0.6193,0.7721
"2","N1",146.824789194004,0,146.953821452069,0,0.5272,0.423,0.4838
"3","N2",148.344650323,1.51986112899598,148.605519888217,1.651698436148,0.6143,0.3369,0.4967
"4","HOM0",151.514226226973,4.68943703296898,151.643258485037,4.68943703296799,0.6178,0.7532,0.7743
"5","HOM1",148.542818522226,1.718029328222,148.803688087444,1.84986663537498,0.3861,0.5597,0.477
"6","HOM2",149.986235139742,3.161445945738,150.425795579302,3.47197412723298,0.4638,0.4769,0.4761
"7","HET0",147.343210557092,0.518421363087981,147.472242815156,0.518421363086986,0.4006,0.7673,0.6414
"8","HET2",151.343210596724,4.51842140271998,151.782771036284,4.828949584215,0.4001,0.7681,0.6399
