"","model","AIC","Delta_AIC","AIC_corr","Delta_AIC_corr","p_value_UT","p_value_S","p_value_joint"
"1","N0",100.016151429246,25.1744587129319,100.416151429246,24.2411253795986,0.3448,0.000600000000000045,0.002
"2","N1",88.792736149027,13.9510434327129,90.1260694823603,13.9510434327129,0.8871,0.3248,0.6814
"3","N2",81.0074881245783,6.1657954082642,84.0074881245783,7.8324620749309,0.0816,0.7872,0.4562
"4","HOM0",118.486684774464,43.6449920581499,119.820018107797,43.6449920581496,0.00309999999999999,9.9999999999989e-05,0
"5","HOM1",76.9748515482201,2.133158831906,79.9748515482201,3.7998254985727,0.2972,0.5802,0.4601
"6","HOM2",78.6714047355576,3.8297120192435,84.3856904498433,8.2106644001959,0.4438,0.4687,0.5018
"7","HET0",74.8416927163141,0,76.1750260496474,0,0.4264,0.2584,0.344
"8","HET2",78.6833052544042,3.8416125380901,84.3975909686899,8.2225649190425,0.4009,0.4642,0.4705
