"","model","AIC","Delta_AIC","AIC_corr","Delta_AIC_corr","p_value_UT","p_value_S","p_value_joint"
"1","no_SIM_wo_fitm",245.599373607709,0,245.720585728922,0,0.6254,0.8437,0.8167
"2","no_SIM_fitm",245.827108413299,0.227734805589989,246.202108413299,0.481522684376984,0.2738,0.6188,0.3949
"3","no_SIM_fitm_unconstr",247.715705626462,2.11633201875301,248.489899174849,2.769313445927,0.3308,0.5376,0.4065
"4","hom_wo_fitm",247.571723379279,1.97234977157001,247.946723379279,2.226137650357,0.6413,0.8254,0.818
"5","hom_fitm",247.796942521187,2.19756891347799,248.571136069574,2.85055034065201,0.2794,0.5972,0.3881
"6","hom_fitm_unconstr",249.691462525245,4.09208891753599,251.024795858579,5.30421012965701,0.3489,0.5055,0.4066
"7","het_zero_div",247.46088070633,1.86150709862099,247.83588070633,2.11529497740798,0.5903,0.8433,0.7873
"8","het_div",250.656033269637,5.056659661928,251.989366602971,6.26878087404899,0.6431,0.6578,0.7305
