"","model","AIC","Delta_AIC","AIC_corr","Delta_AIC_corr","p_value_UT","p_value_S","p_value_joint"
"1","no_SIM_wo_fitm",2610.43700445585,437.8699262956,2610.45502247387,437.7052959118,0.0346,0,0
"2","no_SIM_fitm",2461.41918709026,288.85210893001,2461.47348573279,288.72375917072,0.9999,0,0.000199999999999978
"3","no_SIM_fitm_unconstr",2334.74498560232,162.17790744207,2334.85407651141,162.10434994934,0.1479,0,0
"4","hom_wo_fitm",2187.95557427937,15.3884961191202,2188.0098729219,15.2601463598298,0.00209999999999999,0.8976,0.0254
"5","hom_fitm",2189.34391105372,16.7768328934703,2189.45300196281,16.70327540074,0.0115,0.9065,0.0846
"6","hom_fitm_unconstr",2172.56707816025,0,2172.74972656207,0,0.5591,0.4152,0.5318
"7","het_zero_div",2329.2051483741,156.63807021385,2329.25944701664,156.50972045457,0.0137,0,0
"8","het_div",2184.99327521626,12.4261970560101,2185.17592361809,12.4261970560201,0.00129999999999997,0.4314,0.00460000000000005
