"","model","AIC","Delta_AIC","AIC_corr","Delta_AIC_corr","p_value_UT","p_value_S","p_value_joint"
"1","N0",52.5753255841878,4.3194713927729,53.9086589175211,0,0.4849,0.2158,0.3653
"2","N1",54.4279171074167,6.1720629160018,60.4279171074167,6.5192581898956,0.6095,0.2697,0.4906
"3","N2",55.1381282113863,6.8822740199714,79.1381282113863,25.2294692938652,0.3411,0.6062,0.5356
"4","HOM0",50.5529365960629,2.297082404648,56.5529365960629,2.6442776785418,0.4215,0.8691,0.6928
"5","HOM1",52.0763665119363,3.8205123205214,76.0763665119363,22.1677075944152,0.2228,0.8384,0.448
"6","HOM2",51.2799879088002,3.0241337173853,Inf,Inf,0.4834,0.3435,0.4871
"7","HET0",48.2558541914149,0,54.2558541914149,0.347195273893796,0.3926,0.6798,0.578
"8","HET2",Inf,Inf,Inf,Inf,0,0,0
