"","model","AIC","Delta_AIC","AIC_corr","Delta_AIC_corr","p_value_UT","p_value_S","p_value_joint"
"1","no_SIM_wo_fitm",100.741113208324,49.6215508726092,101.141113208324,47.0215508726092,0.0181,0,0
"2","no_SIM_fitm",62.4191701890568,11.299607853342,63.7525035223902,9.6329411866754,0.9177,0.131,0.4173
"3","no_SIM_fitm_unconstr",51.827269124858,0.707706789143202,54.827269124858,0.707706789143202,0.8869,0.655,0.8801
"4","hom_wo_fitm",114.960718953113,63.8411566173982,116.294052286446,62.1744899507312,0,0,0
"5","hom_fitm",51.1195623357148,0,54.1195623357148,0,0.8462,0.4869,0.764
"6","hom_fitm_unconstr",53.1195630279436,2.0000006922288,58.8338487422293,4.7142864065145,0.8473,0.487,0.7555
"7","het_zero_div",52.9350137355786,1.8154513998638,54.268347068912,0.148784733197203,0.8622,0.7125,0.9101
"8","het_div",56.625691240237,5.50612890452221,62.3399769545227,8.2204146188079,0.8616,0.6553,0.8918
