"","model","AIC","Delta_AIC","AIC_corr","Delta_AIC_corr","p_value_UT","p_value_S","p_value_joint"
"1","no_SIM_wo_fitm",235.170444669611,1.84878610272398,235.291656790824,1.59499822393698,0.3732,0.9505,0.723
"2","no_SIM_fitm",236.333235666107,3.01157709921998,236.708235666107,3.01157709921998,0.1717,0.8696,0.4198
"3","no_SIM_fitm_unconstr",234.434465692295,1.11280712540798,235.208659240682,1.512000673795,0.4624,0.3721,0.4299
"4","hom_wo_fitm",233.321658566887,0,233.696658566887,0,0.6421,0.8034,0.8106
"5","hom_fitm",233.633798415397,0.312139848509986,234.407991963784,0.711333396897004,0.27,0.6297,0.4096
"6","hom_fitm_unconstr",235.414854078712,2.093195511825,236.748187412046,3.051528845159,0.35,0.5082,0.4023
"7","het_zero_div",237.170444686258,3.848786119371,237.545444686258,3.848786119371,0.3714,0.9481,0.7164
"8","het_div",237.321658584218,4.00000001733099,238.654991917551,4.95833335066399,0.6364,0.7987,0.8045
