"","model","AIC","Delta_AIC","AIC_corr","Delta_AIC_corr","p_value_UT","p_value_S","p_value_joint"
"1","N0",624.750524807263,76.092398826473,624.799907523313,75.6289610297019,0.8609,0,0.001
"2","N1",616.688303612089,68.030177631299,616.838303612089,67.667357118478,0.9688,0,0.01
"3","N2",574.138172411935,25.480046431145,574.441969880289,25.2710233866779,0.2943,0.7371,0.5319
"4","HOM0",583.933476004265,35.275350023475,584.083476004265,34.9125295106539,0.8649,0.00309999999999999,0.2495
"5","HOM1",549.166424456524,0.508298475734023,549.470221924879,0.299275431267915,0.4316,0.7572,0.5699
"6","HOM2",548.65812598079,0,549.170946493611,0,0.6123,0.2015,0.5079
"7","HET0",549.720655212749,1.06252923195893,549.870655212749,0.699708719138016,0.9758,0.2301,0.9427
"8","HET2",552.5274010905,3.86927510970997,553.04022160332,3.86927510970895,0.9734,0.3063,0.9553
