"","model","AIC","Delta_AIC","AIC_corr","Delta_AIC_corr","p_value_UT","p_value_S","p_value_joint"
"1","no_SIM_wo_fitm",107.554904578704,37.5659108393107,107.954904578704,34.9659108393107,0.3389,0,9.9999999999989e-05
"2","no_SIM_fitm",90.0158637875832,20.0268700481899,91.3491971209165,18.3602033815232,0.9994,0.0197,0.2899
"3","no_SIM_fitm_unconstr",69.9889937393933,0,72.9889937393933,0,0.8753,0.5875,0.7479
"4","hom_wo_fitm",126.571120123337,56.5821263839437,127.904453456671,54.9154597172777,9.9999999999989e-05,0,0
"5","hom_fitm",72.5206867420002,2.5316930026069,75.5206867420002,2.5316930026069,0.8905,0.1794,0.451
"6","hom_fitm_unconstr",71.8128002757168,1.8238065363235,77.5270859900025,4.53809225060921,0.8512,0.4775,0.643
"7","het_zero_div",75.7045164039656,5.7155226645723,77.037849737299,4.0488559979057,0.9326,0.0197,0.1749
"8","het_div",74.8431008734974,4.85410713410411,80.5573865877831,7.56839284838981,0.9001,0.4765,0.7697
