"","model","AIC","Delta_AIC","AIC_corr","Delta_AIC_corr","p_value_UT","p_value_S","p_value_joint"
"1","no_SIM_wo_fitm",163.056966457088,0.827060854610011,163.099519648578,0.740581788035001,0.6172,0.4076,0.5348
"2","no_SIM_fitm",164.96701603157,2.73711042909201,165.096048289635,2.73711042909201,0.5863,0.3712,0.4841
"3","no_SIM_fitm_unconstr",165.880836953755,3.650931351277,166.141706518972,3.78276865842901,0.4454,0.4905,0.4832
"4","hom_wo_fitm",165.056896036094,2.826990433616,165.185928294159,2.826990433616,0.614,0.4113,0.5338
"5","hom_fitm",166.966762841648,4.73685723917001,167.227632406865,4.86869454632202,0.5872,0.3586,0.4774
"6","hom_fitm_unconstr",167.875043113816,5.64513751133799,168.314603553377,5.955665692834,0.4729,0.4714,0.476
"7","het_zero_div",162.229905602478,0,162.358937860543,0,0.3225,0.497,0.3882
"8","het_div",167.207257723941,4.97735212146301,167.646818163502,5.287880302959,0.6099,0.538,0.626
