"","model","AIC","Delta_AIC","AIC_corr","Delta_AIC_corr","p_value_UT","p_value_S","p_value_joint"
"1","no_SIM_wo_fitm",67.5924028684618,2.8373745868888,68.5924028684618,0,0.4563,0.0956,0.1734
"2","no_SIM_fitm",69.0004069965684,4.2453787149954,73.0004069965684,4.4080041281066,0.6427,0.1735,0.3326
"3","no_SIM_fitm_unconstr",69.0296027572244,4.27457447565139,81.0296027572244,12.4371998887626,0.3565,0.406,0.3834
"4","hom_wo_fitm",65.4901991495911,0.735170868018102,69.4901991495911,0.897796281129303,0.4127,0.3483,0.3985
"5","hom_fitm",67.4845575968185,2.7295293152455,79.4845575968185,10.8921547283567,0.4241,0.3696,0.4302
"6","hom_fitm_unconstr",69.4582239280059,4.7031956464329,109.458223928006,40.8658210595442,0.462,0.3269,0.4199
"7","het_zero_div",64.755028281573,0,68.755028281573,0.162625413111201,0.4041,0.1682,0.2416
"8","het_div",69.4852279966841,4.7301997151111,109.485227996684,40.8928251282222,0.41,0.321,0.3759
