"","model","AIC","Delta_AIC","AIC_corr","Delta_AIC_corr","p_value_UT","p_value_S","p_value_joint"
"1","no_SIM_wo_fitm",53.0646174943724,0.8180951557054,54.3979508277057,0,0.4687,0.1897,0.3118
"2","no_SIM_fitm",54.8823849579961,2.6358626193291,60.8823849579961,6.4844341302904,0.573,0.2368,0.4255
"3","no_SIM_fitm_unconstr",55.7531028364081,3.5065804977411,79.7531028364081,25.3551520087024,0.3669,0.4916,0.4691
"4","hom_wo_fitm",52.2732501302997,0.0267277916327018,58.2732501302997,3.875299302594,0.4007,0.5323,0.5162
"5","hom_fitm",54.2591856001389,2.0126632614719,78.2591856001389,23.8612347724332,0.3723,0.5039,0.4801
"6","hom_fitm_unconstr",56.0953894246617,3.8488670859947,Inf,Inf,0.4613,0.4072,0.4966
"7","het_zero_div",52.246522338667,0,58.246522338667,3.8485715109613,0.4261,0.2851,0.374
"8","het_div",56.1255191175618,3.8789967788948,Inf,Inf,0.4145,0.4119,0.4596
