"","model","AIC","Delta_AIC","AIC_corr","Delta_AIC_corr","p_value_UT","p_value_S","p_value_joint"
"1","no_SIM_wo_fitm",171.97709675659,118.069906690896,172.97709675659,115.069906690896,0,0,0
"2","no_SIM_fitm",53.9071900656939,0,57.9071900656939,0,0.2906,0.7152,0.5324
"3","no_SIM_fitm_unconstr",55.8527702383626,1.94558017266871,67.8527702383626,9.9455801726687,0.3018,0.6804,0.528
"4","hom_wo_fitm",175.700760806169,121.793570740475,179.700760806169,121.793570740475,0,0,0
"5","hom_fitm",55.9021477115991,1.9949576459052,67.9021477115991,9.9949576459052,0.2931,0.7178,0.541
"6","hom_fitm_unconstr",57.0081314654592,3.1009413997653,97.0081314654592,39.1009413997653,0.5028,0.4174,0.5369
"7","het_zero_div",53.9145536619409,0.00736359624700356,57.9145536619409,0.00736359624700356,0.2664,0.6828,0.4859
"8","het_div",57.5092978535784,3.60210778788451,97.5092978535784,39.6021077878845,0.2695,0.5086,0.3953
