"","model","AIC","Delta_AIC","AIC_corr","Delta_AIC_corr","p_value_UT","p_value_S","p_value_joint"
"1","no_SIM_wo_fitm",207.186622341557,4.13733717595701,207.307834462769,3.883549297169,0.4496,0.782,0.6642
"2","no_SIM_fitm",209.149078806131,6.099793640531,209.524078806131,6.099793640531,0.5048,0.7963,0.7104
"3","no_SIM_fitm_unconstr",210.975005498505,7.925720332905,211.749199046892,8.32491388129199,0.5477,0.6493,0.6521
"4","hom_wo_fitm",203.0492851656,0,203.4242851656,0,0.6539,0.1902,0.421
"5","hom_fitm",204.963201759409,1.91391659380901,205.737395307796,2.313110142196,0.5442,0.1789,0.3284
"6","hom_fitm_unconstr",204.403223163765,1.35393799816501,205.736556497099,2.312271331499,0.3544,0.4348,0.3828
"7","het_zero_div",209.188799729509,6.13951456390899,209.563799729509,6.13951456390899,0.4455,0.7796,0.6486
"8","het_div",205.12011095941,2.07082579381,206.453444292743,3.029159127143,0.6443,0.4437,0.5824
