"","model","AIC","Delta_AIC","AIC_corr","Delta_AIC_corr","p_value_UT","p_value_S","p_value_joint"
"1","N0",182.466228659079,0,182.508781850568,0,0.4797,0.1961,0.268
"2","N1",182.978268745143,0.51204008606399,183.107301003207,0.598519152639,0.615,0.341,0.4797
"3","N2",184.715621802031,2.24939314295199,184.976491367249,2.467709516681,0.6937,0.2676,0.5003
"4","HOM0",183.620773696751,1.15454503767199,183.749805954815,1.241024104247,0.2444,0.3735,0.2635
"5","HOM1",184.211908159094,1.745679500015,184.472777724312,1.96399587374401,0.3801,0.5362,0.4655
"6","HOM2",185.87842013633,3.41219147725099,186.31798057589,3.80919872532201,0.4647,0.468,0.4745
"7","HET0",184.466297501244,2.00006884216498,184.595329759308,2.08654790873999,0.4822,0.1954,0.2709
"8","HET2",187.366295122869,4.90006646378998,187.805855562429,5.297073711861,0.254,0.4756,0.3366
