"","model","AIC","Delta_AIC","AIC_corr","Delta_AIC_corr","p_value_UT","p_value_S","p_value_joint"
"1","N0",84.487622220283,10.3356170013013,84.887622220283,9.40228366796801,0.5564,0.0195,0.0675
"2","N1",84.8328321593695,10.6808269403878,86.1661654927028,10.6808269403878,0.8212,0.1389,0.4033
"3","N2",78.8625852471913,4.71058002820961,81.8625852471913,6.3772466948763,0.1807,0.5938,0.4246
"4","HOM0",91.339534072024,17.1875288530423,92.6728674053573,17.1875288530423,0.00570000000000004,0.0486,0.00209999999999999
"5","HOM1",76.53541813243,2.3834129134483,79.53541813243,4.050079580115,0.3909,0.3777,0.3977
"6","HOM2",78.4868168797789,4.3348116607972,84.2011025940646,8.71576404174959,0.4436,0.3267,0.4015
"7","HET0",74.1520052189817,0,75.485338552315,0,0.4223,0.1247,0.2061
"8","HET2",78.5026249800184,4.3506197610367,84.2169106943041,8.7315721419891,0.3974,0.3016,0.3518
