"","model","AIC","Delta_AIC","AIC_corr","Delta_AIC_corr","p_value_UT","p_value_S","p_value_joint"
"1","no_SIM_wo_fitm",372.750555082359,49.845578156779,372.837511604098,49.387080133063,0.9964,0,0.00490000000000002
"2","no_SIM_fitm",369.013818614824,46.108841689244,369.280485281491,45.830053810456,0.7384,0,0
"3","no_SIM_fitm_unconstr",341.78050950948,18.8755325839,342.325964054935,18.8755325839,0.0264,0.4037,0.1286
"4","hom_wo_fitm",329.604519823073,6.69954289749302,329.87118648974,6.420755018705,0.9778,0.9015,0.9926
"5","hom_fitm",322.90497692558,0,323.450431471035,0,0.4514,0.4423,0.4531
"6","hom_fitm_unconstr",324.888556022622,1.98357909704202,325.818788580761,2.36835710972599,0.4208,0.484,0.4649
"7","het_zero_div",330.911248420558,8.00627149497802,331.177915087225,7.72748361619,0.985,0.0895,0.6489
"8","het_div",330.90089364005,7.99591671447001,331.83112619819,8.380694727155,0.979,0.5197,0.9393
