"","model","AIC","Delta_AIC","AIC_corr","Delta_AIC_corr","p_value_UT","p_value_S","p_value_joint"
"1","no_SIM_wo_fitm",559.614398066425,3.38682670654396,559.688472140499,3.23448568627805,0.8107,0.9643,0.9728
"2","no_SIM_fitm",556.227571359881,0,556.453986454221,0,0.3567,0.8451,0.6844
"3","no_SIM_fitm_unconstr",556.73170058008,0.504129220198934,557.193239041619,0.739252587398028,0.4966,0.5142,0.5304
"4","hom_wo_fitm",561.560547650741,5.33297629085996,561.78696274508,5.33297629085905,0.8252,0.9587,0.9724
"5","hom_fitm",557.420139515237,1.19256815535596,557.881677976775,1.42769152255403,0.3478,0.7442,0.5874
"6","hom_fitm_unconstr",558.729785973107,2.50221461322599,559.514099698597,3.060113244376,0.5029,0.5046,0.5266
"7","het_zero_div",561.330293300396,5.10272194051493,561.556708394736,5.10272194051504,0.7851,0.9617,0.9673
"8","het_div",561.886313988075,5.65874262819398,562.670627713566,6.21664125934501,0.8244,0.6935,0.8609
