"","model","AIC","Delta_AIC","AIC_corr","Delta_AIC_corr","p_value_UT","p_value_S","p_value_joint"
"1","no_SIM_wo_fitm",98.9918616312455,64.1739310341686,99.9918616312455,59.6895624914492,0,0,0
"2","no_SIM_fitm",39.5366193902463,4.7186887931694,43.5366193902463,3.23432025045,0.4138,0.2291,0.3183
"3","no_SIM_fitm_unconstr",34.8474314755356,0.0295008784586983,46.8474314755356,6.5451323357393,0.6759,0.732,0.8301
"4","hom_wo_fitm",103.938282953667,69.1203523565901,107.938282953667,67.6359838138707,0,0,0
"5","hom_fitm",34.8179305970769,0,46.8179305970769,6.5156314572806,0.6799,0.7272,0.825
"6","hom_fitm_unconstr",36.8179306070458,2.0000000099689,76.8179306070458,36.5156314672495,0.684,0.7383,0.8362
"7","het_zero_div",36.3022991397963,1.48436854271939,40.3022991397963,0,0.8346,0.8775,0.9583
"8","het_div",39.5301448240916,4.7122142270147,79.5301448240916,39.2278456842953,0.8559,0.8169,0.9457
