"","model","AIC","Delta_AIC","AIC_corr","Delta_AIC_corr","p_value_UT","p_value_S","p_value_joint"
"1","no_SIM_wo_fitm",611.891191505767,0.636892017250943,611.958988115936,0.497792075694974,0.5767,0.3872,0.4983
"2","no_SIM_fitm",613.891177738153,2.63687824963699,614.098074289877,2.63687824963597,0.5817,0.3811,0.4829
"3","no_SIM_fitm_unconstr",615.76727735816,4.51297786964392,616.188329989739,4.72713394949801,0.6633,0.319,0.4928
"4","hom_wo_fitm",611.254299488516,0,611.461196040241,0,0.8131,0.2684,0.5667
"5","hom_fitm",613.224619780038,1.97032029152194,613.645672411616,2.18447637137501,0.7929,0.2444,0.527
"6","hom_fitm_unconstr",614.01622734537,2.76192785685396,614.730513059656,3.26931701941498,0.5562,0.4298,0.5131
"7","het_zero_div",613.891191521379,2.63689203286299,614.098088073103,2.63689203286197,0.5812,0.3945,0.4979
"8","het_div",614.894966513363,3.64066702484695,615.609252227648,4.14805618740695,0.8165,0.4313,0.6905
