"","model","AIC","Delta_AIC","AIC_corr","Delta_AIC_corr","p_value_UT","p_value_S","p_value_joint"
"1","no_SIM_wo_fitm",138.65591927252,0,138.698472464009,0,0.057,0.6868,0.2267
"2","no_SIM_fitm",139.038388563119,0.382469290599005,139.167420821184,0.468948357175009,0.1214,0.7776,0.4039
"3","no_SIM_fitm_unconstr",140.856990196195,2.20107092367499,141.117859761413,2.419387297404,0.1352,0.7471,0.3827
"4","hom_wo_fitm",138.814137568333,0.158218295812986,138.943169826398,0.24469736238899,0.2568,0.3732,0.2584
"5","hom_fitm",139.197612263077,0.541692990556982,139.458481828294,0.760009364284997,0.3999,0.4901,0.4527
"6","hom_fitm_unconstr",141.059658972369,2.40373969984898,141.499219411929,2.80074694792,0.4384,0.449,0.442
"7","het_zero_div",140.655919314712,2.000000042192,140.784951572777,2.086479108768,0.0527,0.6978,0.2228
"8","het_div",142.547773531153,3.891854258633,142.987333970714,4.28886150670499,0.2572,0.4521,0.3108
