"","model","AIC","Delta_AIC","AIC_corr","Delta_AIC_corr","p_value_UT","p_value_S","p_value_joint"
"1","no_SIM_wo_fitm",158.912123082721,0,158.954676274211,0,0.7631,0.3882,0.6395
"2","no_SIM_fitm",159.782337237994,0.870214155273004,159.911369496059,0.956693221847985,0.6868,0.2618,0.4628
"3","no_SIM_fitm_unconstr",161.500113845894,2.587990763173,161.760983411111,2.80630713689999,0.6265,0.3269,0.4631
"4","hom_wo_fitm",160.475910180257,1.56378709753599,160.604942438322,1.650266164111,0.6178,0.5598,0.6499
"5","hom_fitm",161.337852634723,2.425729552002,161.598722199941,2.64404592572998,0.5158,0.4162,0.4729
"6","hom_fitm_unconstr",163.113111115431,4.20098803271,163.552671554991,4.59799528078,0.4751,0.47,0.4736
"7","het_zero_div",160.373289906118,1.46116682339701,160.502322164182,1.54764588997099,0.6638,0.4385,0.5922
"8","het_div",164.620878687457,5.70875560473601,165.060439127018,6.10576285280698,0.7405,0.4021,0.6243
