"","model","AIC","Delta_AIC","AIC_corr","Delta_AIC_corr","p_value_UT","p_value_S","p_value_joint"
"1","N0",1644.2388959401,216.64901976978,1644.26358729812,216.59917696631,0.8213,0,0
"2","N1",1642.33698039291,214.74710422259,1642.4115145544,214.74710422259,0.9936,0,0
"3","N2",1592.02491233782,164.4350361675,1592.17491233782,164.51050200601,0.0142,0,0
"4","HOM0",1427.58987617032,0,1427.66441033181,0,0.3707,0.9502,0.8164
"5","HOM1",1428.52989518218,0.940019011860159,1428.67989518218,1.01548485037006,0.1548,0.8631,0.5023
"6","HOM2",1428.31604013953,0.72616396921012,1428.56761246657,0.903202134760022,0.4498,0.5637,0.5152
"7","HET0",1487.982928958,60.3930527876801,1488.05746311949,60.3930527876801,0.654,0,0
"8","HET2",1428.38556734639,0.795691176070022,1428.63713967343,0.972729341620152,0.3731,0.5672,0.4614
