"","model","AIC","Delta_AIC","AIC_corr","Delta_AIC_corr","p_value_UT","p_value_S","p_value_joint"
"1","no_SIM_wo_fitm",275.058982111605,3.01132343739999,275.180194232817,2.75753555861195,0.7906,0.0147,0.1932
"2","no_SIM_fitm",277.007293047492,4.95963437328697,277.382293047492,4.95963437328697,0.8284,0.0216,0.2505
"3","no_SIM_fitm_unconstr",272.919209547972,0.871550873766978,273.693403096359,1.270744422154,0.3043,0.3564,0.2835
"4","hom_wo_fitm",272.047658674205,0,272.422658674205,0,0.6503,0.1109,0.3322
"5","hom_fitm",274.035222918816,1.98756424461095,274.809416467203,2.38675779299797,0.6191,0.1,0.3065
"6","hom_fitm_unconstr",274.67754726395,2.62988858974495,276.010880597283,3.58822192307798,0.3483,0.3028,0.2848
"7","het_zero_div",274.620058778104,2.57240010389899,274.995058778104,2.57240010389899,0.7156,0.0242,0.1896
"8","het_div",Inf,Inf,Inf,Inf,0,0,0
