"","model","AIC","Delta_AIC","AIC_corr","Delta_AIC_corr","p_value_UT","p_value_S","p_value_joint"
"1","N0",204.599889669239,0,204.721101790451,0,0.6681,0.2673,0.5047
"2","N1",206.376966791655,1.77707712241602,206.751966791655,2.03086500120401,0.5124,0.237,0.3684
"3","N2",207.463793790062,2.86390412082301,208.237987338449,3.51688554799799,0.4062,0.579,0.5204
"4","HOM0",206.573375125855,1.973485456616,206.948375125855,2.22727333540399,0.6642,0.3085,0.5376
"5","HOM1",208.360187236801,3.76029756756202,209.134380785188,4.413278994737,0.5034,0.2777,0.3891
"6","HOM2",209.042083982875,4.44219431363601,210.375417316208,5.654315525757,0.352,0.4979,0.4276
"7","HET0",206.599889746227,2.00000007698802,206.974889746227,2.253787955776,0.6543,0.2682,0.495
"8","HET2",209.759010999342,5.159121330103,211.092344332676,6.37124254222499,0.6533,0.4936,0.6424
