"","model","AIC","Delta_AIC","AIC_corr","Delta_AIC_corr","p_value_UT","p_value_S","p_value_joint"
"1","no_SIM_wo_fitm",169.590622385967,3.283037391791,169.772440567785,2.264855573609,0.78,0.0113,0.091
"2","no_SIM_fitm",170.698157518257,4.39057252408099,171.269586089686,3.76200109550999,0.9141,0.0463,0.2926
"3","no_SIM_fitm_unconstr",166.307584994176,0,167.507584994176,0,0.463,0.4644,0.485
"4","hom_wo_fitm",167.723274495358,1.41568950118199,168.294703066787,0.787118072611008,0.3986,0.0764,0.1226
"5","hom_fitm",167.86262065828,1.555035664104,169.06262065828,1.555035664104,0.782,0.2165,0.4947
"6","hom_fitm_unconstr",168.295290135758,1.98770514158198,170.400553293652,2.892968299476,0.4845,0.4438,0.484
"7","het_zero_div",169.231885764633,2.924300770457,169.803314336062,2.29572934188599,0.7101,0.0138,0.093
"8","het_div",168.482508863729,2.174923869553,170.587772021623,3.08018702744701,0.6302,0.4472,0.5741
